District,Month,MonthName,TotalPrecipitation,MeanTemperature,RecordCount,Summary
Ampara,1,January,3976.0,24.82,465,Ampara had a total precipitation of 3976.00 hours with a mean temperature of 24.82°C for 1st month
Ampara,10,October,3466.0,27.04,434,Ampara had a total precipitation of 3466.00 hours with a mean temperature of 27.04°C for 10th month
Ampara,11,November,4752.0,25.71,420,Ampara had a total precipitation of 4752.00 hours with a mean temperature of 25.71°C for 11th month
Ampara,12,December,5144.0,25.11,434,Ampara had a total precipitation of 5144.00 hours with a mean temperature of 25.11°C for 12th month
Ampara,2,February,3268.0,25.36,424,Ampara had a total precipitation of 3268.00 hours with a mean temperature of 25.36°C for 2nd month
Ampara,3,March,2435.0,26.57,465,Ampara had a total precipitation of 2435.00 hours with a mean temperature of 26.57°C for 3rd month
Ampara,4,April,2225.0,27.75,450,Ampara had a total precipitation of 2225.00 hours with a mean temperature of 27.75°C for 4th month
Ampara,5,May,1775.0,28.56,465,Ampara had a total precipitation of 1775.00 hours with a mean temperature of 28.56°C for 5th month
Ampara,6,June,877.0,29.28,428,Ampara had a total precipitation of 877.00 hours with a mean temperature of 29.28°C for 6th month
Ampara,7,July,896.0,29.38,434,Ampara had a total precipitation of 896.00 hours with a mean temperature of 29.38°C for 7th month
Ampara,8,August,1139.0,29.09,434,Ampara had a total precipitation of 1139.00 hours with a mean temperature of 29.09°C for 8th month
Ampara,9,September,1555.0,28.37,420,Ampara had a total precipitation of 1555.00 hours with a mean temperature of 28.37°C for 9th month
Anuradhapura,1,January,2022.0,24.57,465,Anuradhapura had a total precipitation of 2022.00 hours with a mean temperature of 24.57°C for 1st month
Anuradhapura,10,October,3488.0,26.37,434,Anuradhapura had a total precipitation of 3488.00 hours with a mean temperature of 26.37°C for 10th month
Anuradhapura,11,November,3995.0,25.34,420,Anuradhapura had a total precipitation of 3995.00 hours with a mean temperature of 25.34°C for 11th month
Anuradhapura,12,December,3414.0,24.84,434,Anuradhapura had a total precipitation of 3414.00 hours with a mean temperature of 24.84°C for 12th month
Anuradhapura,2,February,1348.0,25.52,424,Anuradhapura had a total precipitation of 1348.00 hours with a mean temperature of 25.52°C for 2nd month
Anuradhapura,3,March,1125.0,27.41,465,Anuradhapura had a total precipitation of 1125.00 hours with a mean temperature of 27.41°C for 3rd month
Anuradhapura,4,April,1941.0,28.14,450,Anuradhapura had a total precipitation of 1941.00 hours with a mean temperature of 28.14°C for 4th month
Anuradhapura,5,May,2276.0,27.76,465,Anuradhapura had a total precipitation of 2276.00 hours with a mean temperature of 27.76°C for 5th month
Anuradhapura,6,June,1562.0,27.73,428,Anuradhapura had a total precipitation of 1562.00 hours with a mean temperature of 27.73°C for 6th month
Anuradhapura,7,July,1278.0,27.81,434,Anuradhapura had a total precipitation of 1278.00 hours with a mean temperature of 27.81°C for 7th month
Anuradhapura,8,August,1538.0,27.58,434,Anuradhapura had a total precipitation of 1538.00 hours with a mean temperature of 27.58°C for 8th month
Anuradhapura,9,September,2046.0,27.21,420,Anuradhapura had a total precipitation of 2046.00 hours with a mean temperature of 27.21°C for 9th month
Badulla,1,January,4010.0,20.94,465,Badulla had a total precipitation of 4010.00 hours with a mean temperature of 20.94°C for 1st month
Badulla,10,October,3517.0,23.42,434,Badulla had a total precipitation of 3517.00 hours with a mean temperature of 23.42°C for 10th month
Badulla,11,November,4561.0,22.14,420,Badulla had a total precipitation of 4561.00 hours with a mean temperature of 22.14°C for 11th month
Badulla,12,December,4781.0,21.5,434,Badulla had a total precipitation of 4781.00 hours with a mean temperature of 21.50°C for 12th month
Badulla,2,February,3286.0,21.55,424,Badulla had a total precipitation of 3286.00 hours with a mean temperature of 21.55°C for 2nd month
Badulla,3,March,2416.0,22.8,465,Badulla had a total precipitation of 2416.00 hours with a mean temperature of 22.80°C for 3rd month
Badulla,4,April,2684.0,23.8,450,Badulla had a total precipitation of 2684.00 hours with a mean temperature of 23.80°C for 4th month
Badulla,5,May,2511.0,24.69,465,Badulla had a total precipitation of 2511.00 hours with a mean temperature of 24.69°C for 5th month
Badulla,6,June,1386.0,25.07,428,Badulla had a total precipitation of 1386.00 hours with a mean temperature of 25.07°C for 6th month
Badulla,7,July,1346.0,25.17,434,Badulla had a total precipitation of 1346.00 hours with a mean temperature of 25.17°C for 7th month
Badulla,8,August,1586.0,24.97,434,Badulla had a total precipitation of 1586.00 hours with a mean temperature of 24.97°C for 8th month
Badulla,9,September,2052.0,24.39,420,Badulla had a total precipitation of 2052.00 hours with a mean temperature of 24.39°C for 9th month
Bandarawela,1,January,2926.0,18.88,465,Bandarawela had a total precipitation of 2926.00 hours with a mean temperature of 18.88°C for 1st month
Bandarawela,10,October,4390.0,20.45,434,Bandarawela had a total precipitation of 4390.00 hours with a mean temperature of 20.45°C for 10th month
Bandarawela,11,November,4544.0,19.68,420,Bandarawela had a total precipitation of 4544.00 hours with a mean temperature of 19.68°C for 11th month
Bandarawela,12,December,4224.0,19.27,434,Bandarawela had a total precipitation of 4224.00 hours with a mean temperature of 19.27°C for 12th month
Bandarawela,2,February,2370.0,19.42,424,Bandarawela had a total precipitation of 2370.00 hours with a mean temperature of 19.42°C for 2nd month
Bandarawela,3,March,2199.0,20.4,465,Bandarawela had a total precipitation of 2199.00 hours with a mean temperature of 20.40°C for 3rd month
Bandarawela,4,April,3083.0,20.92,450,Bandarawela had a total precipitation of 3083.00 hours with a mean temperature of 20.92°C for 4th month
Bandarawela,5,May,3722.0,21.5,465,Bandarawela had a total precipitation of 3722.00 hours with a mean temperature of 21.50°C for 5th month
Bandarawela,6,June,3265.0,21.7,428,Bandarawela had a total precipitation of 3265.00 hours with a mean temperature of 21.70°C for 6th month
Bandarawela,7,July,3162.0,21.7,434,Bandarawela had a total precipitation of 3162.00 hours with a mean temperature of 21.70°C for 7th month
Bandarawela,8,August,3351.0,21.44,434,Bandarawela had a total precipitation of 3351.00 hours with a mean temperature of 21.44°C for 8th month
Bandarawela,9,September,3541.0,21.02,420,Bandarawela had a total precipitation of 3541.00 hours with a mean temperature of 21.02°C for 9th month
Batticaloa,1,January,4567.0,25.42,465,Batticaloa had a total precipitation of 4567.00 hours with a mean temperature of 25.42°C for 1st month
Batticaloa,10,October,3631.0,27.21,434,Batticaloa had a total precipitation of 3631.00 hours with a mean temperature of 27.21°C for 10th month
Batticaloa,11,November,5308.0,26.05,420,Batticaloa had a total precipitation of 5308.00 hours with a mean temperature of 26.05°C for 11th month
Batticaloa,12,December,5741.0,25.58,434,Batticaloa had a total precipitation of 5741.00 hours with a mean temperature of 25.58°C for 12th month
Batticaloa,2,February,3566.0,25.97,424,Batticaloa had a total precipitation of 3566.00 hours with a mean temperature of 25.97°C for 2nd month
Batticaloa,3,March,2443.0,27.11,465,Batticaloa had a total precipitation of 2443.00 hours with a mean temperature of 27.11°C for 3rd month
Batticaloa,4,April,2020.0,28.31,450,Batticaloa had a total precipitation of 2020.00 hours with a mean temperature of 28.31°C for 4th month
Batticaloa,5,May,1772.0,28.95,465,Batticaloa had a total precipitation of 1772.00 hours with a mean temperature of 28.95°C for 5th month
Batticaloa,6,June,863.0,29.74,428,Batticaloa had a total precipitation of 863.00 hours with a mean temperature of 29.74°C for 6th month
Batticaloa,7,July,885.0,29.61,434,Batticaloa had a total precipitation of 885.00 hours with a mean temperature of 29.61°C for 7th month
Batticaloa,8,August,1058.0,29.22,434,Batticaloa had a total precipitation of 1058.00 hours with a mean temperature of 29.22°C for 8th month
Batticaloa,9,September,1588.0,28.4,420,Batticaloa had a total precipitation of 1588.00 hours with a mean temperature of 28.40°C for 9th month
Colombo,1,January,1657.0,26.06,465,Colombo had a total precipitation of 1657.00 hours with a mean temperature of 26.06°C for 1st month
Colombo,10,October,6208.0,26.13,434,Colombo had a total precipitation of 6208.00 hours with a mean temperature of 26.13°C for 10th month
Colombo,11,November,4859.0,25.79,420,Colombo had a total precipitation of 4859.00 hours with a mean temperature of 25.79°C for 11th month
Colombo,12,December,3189.0,25.68,434,Colombo had a total precipitation of 3189.00 hours with a mean temperature of 25.68°C for 12th month
Colombo,2,February,1509.0,26.84,424,Colombo had a total precipitation of 1509.00 hours with a mean temperature of 26.84°C for 2nd month
Colombo,3,March,2500.0,27.44,465,Colombo had a total precipitation of 2500.00 hours with a mean temperature of 27.44°C for 3rd month
Colombo,4,April,4092.0,27.52,450,Colombo had a total precipitation of 4092.00 hours with a mean temperature of 27.52°C for 4th month
Colombo,5,May,7202.0,27.29,465,Colombo had a total precipitation of 7202.00 hours with a mean temperature of 27.29°C for 5th month
Colombo,6,June,7196.0,26.94,428,Colombo had a total precipitation of 7196.00 hours with a mean temperature of 26.94°C for 6th month
Colombo,7,July,6018.0,26.74,434,Colombo had a total precipitation of 6018.00 hours with a mean temperature of 26.74°C for 7th month
Colombo,8,August,6422.0,26.5,434,Colombo had a total precipitation of 6422.00 hours with a mean temperature of 26.50°C for 8th month
Colombo,9,September,6707.0,26.3,420,Colombo had a total precipitation of 6707.00 hours with a mean temperature of 26.30°C for 9th month
Galle,1,January,2514.0,25.72,465,Galle had a total precipitation of 2514.00 hours with a mean temperature of 25.72°C for 1st month
Galle,10,October,6049.0,26.18,434,Galle had a total precipitation of 6049.00 hours with a mean temperature of 26.18°C for 10th month
Galle,11,November,4935.0,25.95,420,Galle had a total precipitation of 4935.00 hours with a mean temperature of 25.95°C for 11th month
Galle,12,December,3754.0,25.81,434,Galle had a total precipitation of 3754.00 hours with a mean temperature of 25.81°C for 12th month
Galle,2,February,2334.0,26.27,424,Galle had a total precipitation of 2334.00 hours with a mean temperature of 26.27°C for 2nd month
Galle,3,March,2824.0,27.05,465,Galle had a total precipitation of 2824.00 hours with a mean temperature of 27.05°C for 3rd month
Galle,4,April,4275.0,27.31,450,Galle had a total precipitation of 4275.00 hours with a mean temperature of 27.31°C for 4th month
Galle,5,May,7071.0,27.2,465,Galle had a total precipitation of 7071.00 hours with a mean temperature of 27.20°C for 5th month
Galle,6,June,6938.0,26.91,428,Galle had a total precipitation of 6938.00 hours with a mean temperature of 26.91°C for 6th month
Galle,7,July,5975.0,26.67,434,Galle had a total precipitation of 5975.00 hours with a mean temperature of 26.67°C for 7th month
Galle,8,August,6486.0,26.47,434,Galle had a total precipitation of 6486.00 hours with a mean temperature of 26.47°C for 8th month
Galle,9,September,6532.0,26.3,420,Galle had a total precipitation of 6532.00 hours with a mean temperature of 26.30°C for 9th month
Gampaha,1,January,1465.0,26.08,465,Gampaha had a total precipitation of 1465.00 hours with a mean temperature of 26.08°C for 1st month
Gampaha,10,October,6144.0,25.86,434,Gampaha had a total precipitation of 6144.00 hours with a mean temperature of 25.86°C for 10th month
Gampaha,11,November,4551.0,25.61,420,Gampaha had a total precipitation of 4551.00 hours with a mean temperature of 25.61°C for 11th month
Gampaha,12,December,3047.0,25.58,434,Gampaha had a total precipitation of 3047.00 hours with a mean temperature of 25.58°C for 12th month
Gampaha,2,February,1335.0,27.01,424,Gampaha had a total precipitation of 1335.00 hours with a mean temperature of 27.01°C for 2nd month
Gampaha,3,March,2369.0,27.48,465,Gampaha had a total precipitation of 2369.00 hours with a mean temperature of 27.48°C for 3rd month
Gampaha,4,April,3929.0,27.33,450,Gampaha had a total precipitation of 3929.00 hours with a mean temperature of 27.33°C for 4th month
Gampaha,5,May,6817.0,26.99,465,Gampaha had a total precipitation of 6817.00 hours with a mean temperature of 26.99°C for 5th month
Gampaha,6,June,7410.0,26.6,428,Gampaha had a total precipitation of 7410.00 hours with a mean temperature of 26.60°C for 6th month
Gampaha,7,July,6217.0,26.47,434,Gampaha had a total precipitation of 6217.00 hours with a mean temperature of 26.47°C for 7th month
Gampaha,8,August,6334.0,26.23,434,Gampaha had a total precipitation of 6334.00 hours with a mean temperature of 26.23°C for 8th month
Gampaha,9,September,6636.0,26.02,420,Gampaha had a total precipitation of 6636.00 hours with a mean temperature of 26.02°C for 9th month
Hambantota,1,January,1738.0,26.19,465,Hambantota had a total precipitation of 1738.00 hours with a mean temperature of 26.19°C for 1st month
Hambantota,10,October,3336.0,27.13,434,Hambantota had a total precipitation of 3336.00 hours with a mean temperature of 27.13°C for 10th month
Hambantota,11,November,4047.0,26.34,420,Hambantota had a total precipitation of 4047.00 hours with a mean temperature of 26.34°C for 11th month
Hambantota,12,December,3224.0,26.01,434,Hambantota had a total precipitation of 3224.00 hours with a mean temperature of 26.01°C for 12th month
Hambantota,2,February,1394.0,26.81,424,Hambantota had a total precipitation of 1394.00 hours with a mean temperature of 26.81°C for 2nd month
Hambantota,3,March,1941.0,27.56,465,Hambantota had a total precipitation of 1941.00 hours with a mean temperature of 27.56°C for 3rd month
Hambantota,4,April,2796.0,27.99,450,Hambantota had a total precipitation of 2796.00 hours with a mean temperature of 27.99°C for 4th month
Hambantota,5,May,2929.0,28.06,465,Hambantota had a total precipitation of 2929.00 hours with a mean temperature of 28.06°C for 5th month
Hambantota,6,June,1786.0,28.14,428,Hambantota had a total precipitation of 1786.00 hours with a mean temperature of 28.14°C for 6th month
Hambantota,7,July,1397.0,28.18,434,Hambantota had a total precipitation of 1397.00 hours with a mean temperature of 28.18°C for 7th month
Hambantota,8,August,1769.0,27.96,434,Hambantota had a total precipitation of 1769.00 hours with a mean temperature of 27.96°C for 8th month
Hambantota,9,September,2495.0,27.55,420,Hambantota had a total precipitation of 2495.00 hours with a mean temperature of 27.55°C for 9th month
Jaffna,1,January,1724.0,25.52,465,Jaffna had a total precipitation of 1724.00 hours with a mean temperature of 25.52°C for 1st month
Jaffna,10,October,4201.0,27.48,434,Jaffna had a total precipitation of 4201.00 hours with a mean temperature of 27.48°C for 10th month
Jaffna,11,November,5121.0,26.39,420,Jaffna had a total precipitation of 5121.00 hours with a mean temperature of 26.39°C for 11th month
Jaffna,12,December,3897.0,25.78,434,Jaffna had a total precipitation of 3897.00 hours with a mean temperature of 25.78°C for 12th month
Jaffna,2,February,1000.0,26.27,424,Jaffna had a total precipitation of 1000.00 hours with a mean temperature of 26.27°C for 2nd month
Jaffna,3,March,840.0,27.99,465,Jaffna had a total precipitation of 840.00 hours with a mean temperature of 27.99°C for 3rd month
Jaffna,4,April,1847.0,29.34,450,Jaffna had a total precipitation of 1847.00 hours with a mean temperature of 29.34°C for 4th month
Jaffna,5,May,1967.0,29.36,465,Jaffna had a total precipitation of 1967.00 hours with a mean temperature of 29.36°C for 5th month
Jaffna,6,June,1137.0,29.11,428,Jaffna had a total precipitation of 1137.00 hours with a mean temperature of 29.11°C for 6th month
Jaffna,7,July,1197.0,28.8,434,Jaffna had a total precipitation of 1197.00 hours with a mean temperature of 28.80°C for 7th month
Jaffna,8,August,1673.0,28.36,434,Jaffna had a total precipitation of 1673.00 hours with a mean temperature of 28.36°C for 8th month
Jaffna,9,September,1995.0,28.13,420,Jaffna had a total precipitation of 1995.00 hours with a mean temperature of 28.13°C for 9th month
Kalutara,1,January,1794.0,25.87,465,Kalutara had a total precipitation of 1794.00 hours with a mean temperature of 25.87°C for 1st month
Kalutara,10,October,6255.0,26.06,434,Kalutara had a total precipitation of 6255.00 hours with a mean temperature of 26.06°C for 10th month
Kalutara,11,November,4844.0,25.78,420,Kalutara had a total precipitation of 4844.00 hours with a mean temperature of 25.78°C for 11th month
Kalutara,12,December,3328.0,25.69,434,Kalutara had a total precipitation of 3328.00 hours with a mean temperature of 25.69°C for 12th month
Kalutara,2,February,1686.0,26.51,424,Kalutara had a total precipitation of 1686.00 hours with a mean temperature of 26.51°C for 2nd month
Kalutara,3,March,2500.0,27.13,465,Kalutara had a total precipitation of 2500.00 hours with a mean temperature of 27.13°C for 3rd month
Kalutara,4,April,4137.0,27.28,450,Kalutara had a total precipitation of 4137.00 hours with a mean temperature of 27.28°C for 4th month
Kalutara,5,May,7274.0,27.13,465,Kalutara had a total precipitation of 7274.00 hours with a mean temperature of 27.13°C for 5th month
Kalutara,6,June,7205.0,26.83,428,Kalutara had a total precipitation of 7205.00 hours with a mean temperature of 26.83°C for 6th month
Kalutara,7,July,6088.0,26.63,434,Kalutara had a total precipitation of 6088.00 hours with a mean temperature of 26.63°C for 7th month
Kalutara,8,August,6442.0,26.41,434,Kalutara had a total precipitation of 6442.00 hours with a mean temperature of 26.41°C for 8th month
Kalutara,9,September,6707.0,26.23,420,Kalutara had a total precipitation of 6707.00 hours with a mean temperature of 26.23°C for 9th month
Kandy,1,January,1675.0,22.74,465,Kandy had a total precipitation of 1675.00 hours with a mean temperature of 22.74°C for 1st month
Kandy,10,October,4446.0,23.41,434,Kandy had a total precipitation of 4446.00 hours with a mean temperature of 23.41°C for 10th month
Kandy,11,November,4025.0,23.05,420,Kandy had a total precipitation of 4025.00 hours with a mean temperature of 23.05°C for 11th month
Kandy,12,December,3330.0,22.72,434,Kandy had a total precipitation of 3330.00 hours with a mean temperature of 22.72°C for 12th month
Kandy,2,February,1381.0,23.59,424,Kandy had a total precipitation of 1381.00 hours with a mean temperature of 23.59°C for 2nd month
Kandy,3,March,1601.0,24.98,465,Kandy had a total precipitation of 1601.00 hours with a mean temperature of 24.98°C for 3rd month
Kandy,4,April,2825.0,25.23,450,Kandy had a total precipitation of 2825.00 hours with a mean temperature of 25.23°C for 4th month
Kandy,5,May,3888.0,24.68,465,Kandy had a total precipitation of 3888.00 hours with a mean temperature of 24.68°C for 5th month
Kandy,6,June,4169.0,24.19,428,Kandy had a total precipitation of 4169.00 hours with a mean temperature of 24.19°C for 6th month
Kandy,7,July,4074.0,23.89,434,Kandy had a total precipitation of 4074.00 hours with a mean temperature of 23.89°C for 7th month
Kandy,8,August,4011.0,23.71,434,Kandy had a total precipitation of 4011.00 hours with a mean temperature of 23.71°C for 8th month
Kandy,9,September,3456.0,23.63,420,Kandy had a total precipitation of 3456.00 hours with a mean temperature of 23.63°C for 9th month
Kegalle,1,January,1404.0,24.82,465,Kegalle had a total precipitation of 1404.00 hours with a mean temperature of 24.82°C for 1st month
Kegalle,10,October,5357.0,24.61,434,Kegalle had a total precipitation of 5357.00 hours with a mean temperature of 24.61°C for 10th month
Kegalle,11,November,3974.0,24.45,420,Kegalle had a total precipitation of 3974.00 hours with a mean temperature of 24.45°C for 11th month
Kegalle,12,December,2904.0,24.39,434,Kegalle had a total precipitation of 2904.00 hours with a mean temperature of 24.39°C for 12th month
Kegalle,2,February,1071.0,25.95,424,Kegalle had a total precipitation of 1071.00 hours with a mean temperature of 25.95°C for 2nd month
Kegalle,3,March,1628.0,26.92,465,Kegalle had a total precipitation of 1628.00 hours with a mean temperature of 26.92°C for 3rd month
Kegalle,4,April,2925.0,26.45,450,Kegalle had a total precipitation of 2925.00 hours with a mean temperature of 26.45°C for 4th month
Kegalle,5,May,5090.0,25.87,465,Kegalle had a total precipitation of 5090.00 hours with a mean temperature of 25.87°C for 5th month
Kegalle,6,June,6104.0,25.26,428,Kegalle had a total precipitation of 6104.00 hours with a mean temperature of 25.26°C for 6th month
Kegalle,7,July,5590.0,25.12,434,Kegalle had a total precipitation of 5590.00 hours with a mean temperature of 25.12°C for 7th month
Kegalle,8,August,5623.0,24.95,434,Kegalle had a total precipitation of 5623.00 hours with a mean temperature of 24.95°C for 8th month
Kegalle,9,September,5321.0,24.77,420,Kegalle had a total precipitation of 5321.00 hours with a mean temperature of 24.77°C for 9th month
Kilinochchi[1],1,January,2381.0,25.23,465,Kilinochchi[1] had a total precipitation of 2381.00 hours with a mean temperature of 25.23°C for 1st month
Kilinochchi[1],10,October,3487.0,27.44,434,Kilinochchi[1] had a total precipitation of 3487.00 hours with a mean temperature of 27.44°C for 10th month
Kilinochchi[1],11,November,5137.0,26.05,420,Kilinochchi[1] had a total precipitation of 5137.00 hours with a mean temperature of 26.05°C for 11th month
Kilinochchi[1],12,December,4430.0,25.49,434,Kilinochchi[1] had a total precipitation of 4430.00 hours with a mean temperature of 25.49°C for 12th month
Kilinochchi[1],2,February,1474.0,25.9,424,Kilinochchi[1] had a total precipitation of 1474.00 hours with a mean temperature of 25.90°C for 2nd month
Kilinochchi[1],3,March,970.0,27.56,465,Kilinochchi[1] had a total precipitation of 970.00 hours with a mean temperature of 27.56°C for 3rd month
Kilinochchi[1],4,April,1342.0,29.16,450,Kilinochchi[1] had a total precipitation of 1342.00 hours with a mean temperature of 29.16°C for 4th month
Kilinochchi[1],5,May,1247.0,29.42,465,Kilinochchi[1] had a total precipitation of 1247.00 hours with a mean temperature of 29.42°C for 5th month
Kilinochchi[1],6,June,591.0,29.66,428,Kilinochchi[1] had a total precipitation of 591.00 hours with a mean temperature of 29.66°C for 6th month
Kilinochchi[1],7,July,718.0,29.44,434,Kilinochchi[1] had a total precipitation of 718.00 hours with a mean temperature of 29.44°C for 7th month
Kilinochchi[1],8,August,1030.0,29.03,434,Kilinochchi[1] had a total precipitation of 1030.00 hours with a mean temperature of 29.03°C for 8th month
Kilinochchi[1],9,September,1279.0,28.7,420,Kilinochchi[1] had a total precipitation of 1279.00 hours with a mean temperature of 28.70°C for 9th month
Kurunegala,1,January,1399.0,25.0,465,Kurunegala had a total precipitation of 1399.00 hours with a mean temperature of 25.00°C for 1st month
Kurunegala,10,October,4779.0,25.23,434,Kurunegala had a total precipitation of 4779.00 hours with a mean temperature of 25.23°C for 10th month
Kurunegala,11,November,3792.0,24.96,420,Kurunegala had a total precipitation of 3792.00 hours with a mean temperature of 24.96°C for 11th month
Kurunegala,12,December,2879.0,24.79,434,Kurunegala had a total precipitation of 2879.00 hours with a mean temperature of 24.79°C for 12th month
Kurunegala,2,February,1039.0,26.08,424,Kurunegala had a total precipitation of 1039.00 hours with a mean temperature of 26.08°C for 2nd month
Kurunegala,3,March,1411.0,27.54,465,Kurunegala had a total precipitation of 1411.00 hours with a mean temperature of 27.54°C for 3rd month
Kurunegala,4,April,2706.0,27.16,450,Kurunegala had a total precipitation of 2706.00 hours with a mean temperature of 27.16°C for 4th month
Kurunegala,5,May,4404.0,26.48,465,Kurunegala had a total precipitation of 4404.00 hours with a mean temperature of 26.48°C for 5th month
Kurunegala,6,June,5036.0,25.91,428,Kurunegala had a total precipitation of 5036.00 hours with a mean temperature of 25.91°C for 6th month
Kurunegala,7,July,4449.0,25.8,434,Kurunegala had a total precipitation of 4449.00 hours with a mean temperature of 25.80°C for 7th month
Kurunegala,8,August,4515.0,25.65,434,Kurunegala had a total precipitation of 4515.00 hours with a mean temperature of 25.65°C for 8th month
Kurunegala,9,September,4457.0,25.45,420,Kurunegala had a total precipitation of 4457.00 hours with a mean temperature of 25.45°C for 9th month
Mannar,1,January,1780.0,25.61,465,Mannar had a total precipitation of 1780.00 hours with a mean temperature of 25.61°C for 1st month
Mannar,10,October,3808.0,27.3,434,Mannar had a total precipitation of 3808.00 hours with a mean temperature of 27.30°C for 10th month
Mannar,11,November,4452.0,26.25,420,Mannar had a total precipitation of 4452.00 hours with a mean temperature of 26.25°C for 11th month
Mannar,12,December,3377.0,25.77,434,Mannar had a total precipitation of 3377.00 hours with a mean temperature of 25.77°C for 12th month
Mannar,2,February,1058.0,26.46,424,Mannar had a total precipitation of 1058.00 hours with a mean temperature of 26.46°C for 2nd month
Mannar,3,March,990.0,28.21,465,Mannar had a total precipitation of 990.00 hours with a mean temperature of 28.21°C for 3rd month
Mannar,4,April,2102.0,29.12,450,Mannar had a total precipitation of 2102.00 hours with a mean temperature of 29.12°C for 4th month
Mannar,5,May,2156.0,29.13,465,Mannar had a total precipitation of 2156.00 hours with a mean temperature of 29.13°C for 5th month
Mannar,6,June,1196.0,28.88,428,Mannar had a total precipitation of 1196.00 hours with a mean temperature of 28.88°C for 6th month
Mannar,7,July,929.0,28.54,434,Mannar had a total precipitation of 929.00 hours with a mean temperature of 28.54°C for 7th month
Mannar,8,August,1158.0,28.19,434,Mannar had a total precipitation of 1158.00 hours with a mean temperature of 28.19°C for 8th month
Mannar,9,September,1778.0,28.02,420,Mannar had a total precipitation of 1778.00 hours with a mean temperature of 28.02°C for 9th month
Matale,1,January,1733.0,23.53,465,Matale had a total precipitation of 1733.00 hours with a mean temperature of 23.53°C for 1st month
Matale,10,October,4544.0,24.49,434,Matale had a total precipitation of 4544.00 hours with a mean temperature of 24.49°C for 10th month
Matale,11,November,4046.0,23.97,420,Matale had a total precipitation of 4046.00 hours with a mean temperature of 23.97°C for 11th month
Matale,12,December,3306.0,23.59,434,Matale had a total precipitation of 3306.00 hours with a mean temperature of 23.59°C for 12th month
Matale,2,February,1328.0,24.4,424,Matale had a total precipitation of 1328.00 hours with a mean temperature of 24.40°C for 2nd month
Matale,3,March,1532.0,26.02,465,Matale had a total precipitation of 1532.00 hours with a mean temperature of 26.02°C for 3rd month
Matale,4,April,2754.0,26.23,450,Matale had a total precipitation of 2754.00 hours with a mean temperature of 26.23°C for 4th month
Matale,5,May,3898.0,25.68,465,Matale had a total precipitation of 3898.00 hours with a mean temperature of 25.68°C for 5th month
Matale,6,June,4369.0,25.26,428,Matale had a total precipitation of 4369.00 hours with a mean temperature of 25.26°C for 6th month
Matale,7,July,4065.0,25.1,434,Matale had a total precipitation of 4065.00 hours with a mean temperature of 25.10°C for 7th month
Matale,8,August,3989.0,24.96,434,Matale had a total precipitation of 3989.00 hours with a mean temperature of 24.96°C for 8th month
Matale,9,September,3738.0,24.83,420,Matale had a total precipitation of 3738.00 hours with a mean temperature of 24.83°C for 9th month
Matara,1,January,2109.0,25.95,465,Matara had a total precipitation of 2109.00 hours with a mean temperature of 25.95°C for 1st month
Matara,10,October,5457.0,26.33,434,Matara had a total precipitation of 5457.00 hours with a mean temperature of 26.33°C for 10th month
Matara,11,November,4642.0,26.16,420,Matara had a total precipitation of 4642.00 hours with a mean temperature of 26.16°C for 11th month
Matara,12,December,3393.0,26.02,434,Matara had a total precipitation of 3393.00 hours with a mean temperature of 26.02°C for 12th month
Matara,2,February,1846.0,26.51,424,Matara had a total precipitation of 1846.00 hours with a mean temperature of 26.51°C for 2nd month
Matara,3,March,2348.0,27.22,465,Matara had a total precipitation of 2348.00 hours with a mean temperature of 27.22°C for 3rd month
Matara,4,April,3776.0,27.48,450,Matara had a total precipitation of 3776.00 hours with a mean temperature of 27.48°C for 4th month
Matara,5,May,6345.0,27.34,465,Matara had a total precipitation of 6345.00 hours with a mean temperature of 27.34°C for 5th month
Matara,6,June,6045.0,26.97,428,Matara had a total precipitation of 6045.00 hours with a mean temperature of 26.97°C for 6th month
Matara,7,July,5126.0,26.71,434,Matara had a total precipitation of 5126.00 hours with a mean temperature of 26.71°C for 7th month
Matara,8,August,5440.0,26.49,434,Matara had a total precipitation of 5440.00 hours with a mean temperature of 26.49°C for 8th month
Matara,9,September,5947.0,26.39,420,Matara had a total precipitation of 5947.00 hours with a mean temperature of 26.39°C for 9th month
Moneragala,1,January,2825.0,24.29,465,Moneragala had a total precipitation of 2825.00 hours with a mean temperature of 24.29°C for 1st month
Moneragala,10,October,3263.0,26.17,434,Moneragala had a total precipitation of 3263.00 hours with a mean temperature of 26.17°C for 10th month
Moneragala,11,November,4244.0,24.79,420,Moneragala had a total precipitation of 4244.00 hours with a mean temperature of 24.79°C for 11th month
Moneragala,12,December,4162.0,24.37,434,Moneragala had a total precipitation of 4162.00 hours with a mean temperature of 24.37°C for 12th month
Moneragala,2,February,2325.0,24.86,424,Moneragala had a total precipitation of 2325.00 hours with a mean temperature of 24.86°C for 2nd month
Moneragala,3,March,2191.0,25.96,465,Moneragala had a total precipitation of 2191.00 hours with a mean temperature of 25.96°C for 3rd month
Moneragala,4,April,2393.0,26.66,450,Moneragala had a total precipitation of 2393.00 hours with a mean temperature of 26.66°C for 4th month
Moneragala,5,May,1900.0,27.33,465,Moneragala had a total precipitation of 1900.00 hours with a mean temperature of 27.33°C for 5th month
Moneragala,6,June,1003.0,28.21,428,Moneragala had a total precipitation of 1003.00 hours with a mean temperature of 28.21°C for 6th month
Moneragala,7,July,991.0,28.24,434,Moneragala had a total precipitation of 991.00 hours with a mean temperature of 28.24°C for 7th month
Moneragala,8,August,1188.0,28.03,434,Moneragala had a total precipitation of 1188.00 hours with a mean temperature of 28.03°C for 8th month
Moneragala,9,September,1540.0,27.47,420,Moneragala had a total precipitation of 1540.00 hours with a mean temperature of 27.47°C for 9th month
Mullaitivu,1,January,3165.0,25.59,465,Mullaitivu had a total precipitation of 3165.00 hours with a mean temperature of 25.59°C for 1st month
Mullaitivu,10,October,3434.0,27.41,434,Mullaitivu had a total precipitation of 3434.00 hours with a mean temperature of 27.41°C for 10th month
Mullaitivu,11,November,5537.0,26.19,420,Mullaitivu had a total precipitation of 5537.00 hours with a mean temperature of 26.19°C for 11th month
Mullaitivu,12,December,5114.0,25.75,434,Mullaitivu had a total precipitation of 5114.00 hours with a mean temperature of 25.75°C for 12th month
Mullaitivu,2,February,2040.0,26.13,424,Mullaitivu had a total precipitation of 2040.00 hours with a mean temperature of 26.13°C for 2nd month
Mullaitivu,3,March,1263.0,27.41,465,Mullaitivu had a total precipitation of 1263.00 hours with a mean temperature of 27.41°C for 3rd month
Mullaitivu,4,April,1311.0,28.69,450,Mullaitivu had a total precipitation of 1311.00 hours with a mean temperature of 28.69°C for 4th month
Mullaitivu,5,May,1290.0,29.32,465,Mullaitivu had a total precipitation of 1290.00 hours with a mean temperature of 29.32°C for 5th month
Mullaitivu,6,June,611.0,29.84,428,Mullaitivu had a total precipitation of 611.00 hours with a mean temperature of 29.84°C for 6th month
Mullaitivu,7,July,782.0,29.43,434,Mullaitivu had a total precipitation of 782.00 hours with a mean temperature of 29.43°C for 7th month
Mullaitivu,8,August,1078.0,28.97,434,Mullaitivu had a total precipitation of 1078.00 hours with a mean temperature of 28.97°C for 8th month
Mullaitivu,9,September,1288.0,28.64,420,Mullaitivu had a total precipitation of 1288.00 hours with a mean temperature of 28.64°C for 9th month
Nuwara Eliya,1,January,2745.0,15.78,465,Nuwara Eliya had a total precipitation of 2745.00 hours with a mean temperature of 15.78°C for 1st month
Nuwara Eliya,10,October,5027.0,16.47,434,Nuwara Eliya had a total precipitation of 5027.00 hours with a mean temperature of 16.47°C for 10th month
Nuwara Eliya,11,November,4402.0,16.31,420,Nuwara Eliya had a total precipitation of 4402.00 hours with a mean temperature of 16.31°C for 11th month
Nuwara Eliya,12,December,4212.0,16.01,434,Nuwara Eliya had a total precipitation of 4212.00 hours with a mean temperature of 16.01°C for 12th month
Nuwara Eliya,2,February,2190.0,16.26,424,Nuwara Eliya had a total precipitation of 2190.00 hours with a mean temperature of 16.26°C for 2nd month
Nuwara Eliya,3,March,2051.0,17.02,465,Nuwara Eliya had a total precipitation of 2051.00 hours with a mean temperature of 17.02°C for 3rd month
Nuwara Eliya,4,April,3059.0,17.44,450,Nuwara Eliya had a total precipitation of 3059.00 hours with a mean temperature of 17.44°C for 4th month
Nuwara Eliya,5,May,4768.0,17.61,465,Nuwara Eliya had a total precipitation of 4768.00 hours with a mean temperature of 17.61°C for 5th month
Nuwara Eliya,6,June,5212.0,17.03,428,Nuwara Eliya had a total precipitation of 5212.00 hours with a mean temperature of 17.03°C for 6th month
Nuwara Eliya,7,July,4944.0,16.72,434,Nuwara Eliya had a total precipitation of 4944.00 hours with a mean temperature of 16.72°C for 7th month
Nuwara Eliya,8,August,4984.0,16.58,434,Nuwara Eliya had a total precipitation of 4984.00 hours with a mean temperature of 16.58°C for 8th month
Nuwara Eliya,9,September,4646.0,16.58,420,Nuwara Eliya had a total precipitation of 4646.00 hours with a mean temperature of 16.58°C for 9th month
Polonnaruwa,1,January,3161.0,24.58,465,Polonnaruwa had a total precipitation of 3161.00 hours with a mean temperature of 24.58°C for 1st month
Polonnaruwa,10,October,2952.0,27.17,434,Polonnaruwa had a total precipitation of 2952.00 hours with a mean temperature of 27.17°C for 10th month
Polonnaruwa,11,November,4139.0,25.55,420,Polonnaruwa had a total precipitation of 4139.00 hours with a mean temperature of 25.55°C for 11th month
Polonnaruwa,12,December,4401.0,24.91,434,Polonnaruwa had a total precipitation of 4401.00 hours with a mean temperature of 24.91°C for 12th month
Polonnaruwa,2,February,2395.0,25.26,424,Polonnaruwa had a total precipitation of 2395.00 hours with a mean temperature of 25.26°C for 2nd month
Polonnaruwa,3,March,1678.0,26.9,465,Polonnaruwa had a total precipitation of 1678.00 hours with a mean temperature of 26.90°C for 3rd month
Polonnaruwa,4,April,1566.0,28.35,450,Polonnaruwa had a total precipitation of 1566.00 hours with a mean temperature of 28.35°C for 4th month
Polonnaruwa,5,May,1427.0,28.82,465,Polonnaruwa had a total precipitation of 1427.00 hours with a mean temperature of 28.82°C for 5th month
Polonnaruwa,6,June,569.0,29.32,428,Polonnaruwa had a total precipitation of 569.00 hours with a mean temperature of 29.32°C for 6th month
Polonnaruwa,7,July,617.0,29.13,434,Polonnaruwa had a total precipitation of 617.00 hours with a mean temperature of 29.13°C for 7th month
Polonnaruwa,8,August,794.0,28.99,434,Polonnaruwa had a total precipitation of 794.00 hours with a mean temperature of 28.99°C for 8th month
Polonnaruwa,9,September,1089.0,28.63,420,Polonnaruwa had a total precipitation of 1089.00 hours with a mean temperature of 28.63°C for 9th month
Puttalam,1,January,1470.0,25.58,465,Puttalam had a total precipitation of 1470.00 hours with a mean temperature of 25.58°C for 1st month
Puttalam,10,October,4920.0,26.65,434,Puttalam had a total precipitation of 4920.00 hours with a mean temperature of 26.65°C for 10th month
Puttalam,11,November,3975.0,26.06,420,Puttalam had a total precipitation of 3975.00 hours with a mean temperature of 26.06°C for 11th month
Puttalam,12,December,2798.0,25.74,434,Puttalam had a total precipitation of 2798.00 hours with a mean temperature of 25.74°C for 12th month
Puttalam,2,February,1022.0,26.52,424,Puttalam had a total precipitation of 1022.00 hours with a mean temperature of 26.52°C for 2nd month
Puttalam,3,March,1491.0,27.83,465,Puttalam had a total precipitation of 1491.00 hours with a mean temperature of 27.83°C for 3rd month
Puttalam,4,April,3116.0,28.07,450,Puttalam had a total precipitation of 3116.00 hours with a mean temperature of 28.07°C for 4th month
Puttalam,5,May,4610.0,28.04,465,Puttalam had a total precipitation of 4610.00 hours with a mean temperature of 28.04°C for 5th month
Puttalam,6,June,4229.0,27.68,428,Puttalam had a total precipitation of 4229.00 hours with a mean temperature of 27.68°C for 6th month
Puttalam,7,July,2762.0,27.47,434,Puttalam had a total precipitation of 2762.00 hours with a mean temperature of 27.47°C for 7th month
Puttalam,8,August,3227.0,27.26,434,Puttalam had a total precipitation of 3227.00 hours with a mean temperature of 27.26°C for 8th month
Puttalam,9,September,4298.0,27.06,420,Puttalam had a total precipitation of 4298.00 hours with a mean temperature of 27.06°C for 9th month
Ratnapura,1,January,2323.0,24.99,465,Ratnapura had a total precipitation of 2323.00 hours with a mean temperature of 24.99°C for 1st month
Ratnapura,10,October,6264.0,24.89,434,Ratnapura had a total precipitation of 6264.00 hours with a mean temperature of 24.89°C for 10th month
Ratnapura,11,November,4784.0,24.83,420,Ratnapura had a total precipitation of 4784.00 hours with a mean temperature of 24.83°C for 11th month
Ratnapura,12,December,3647.0,24.74,434,Ratnapura had a total precipitation of 3647.00 hours with a mean temperature of 24.74°C for 12th month
Ratnapura,2,February,2059.0,25.62,424,Ratnapura had a total precipitation of 2059.00 hours with a mean temperature of 25.62°C for 2nd month
Ratnapura,3,March,2553.0,26.19,465,Ratnapura had a total precipitation of 2553.00 hours with a mean temperature of 26.19°C for 3rd month
Ratnapura,4,April,4230.0,26.22,450,Ratnapura had a total precipitation of 4230.00 hours with a mean temperature of 26.22°C for 4th month
Ratnapura,5,May,7365.0,25.89,465,Ratnapura had a total precipitation of 7365.00 hours with a mean temperature of 25.89°C for 5th month
Ratnapura,6,June,7899.0,25.41,428,Ratnapura had a total precipitation of 7899.00 hours with a mean temperature of 25.41°C for 6th month
Ratnapura,7,July,7266.0,25.21,434,Ratnapura had a total precipitation of 7266.00 hours with a mean temperature of 25.21°C for 7th month
Ratnapura,8,August,7403.0,25.01,434,Ratnapura had a total precipitation of 7403.00 hours with a mean temperature of 25.01°C for 8th month
Ratnapura,9,September,7127.0,24.91,420,Ratnapura had a total precipitation of 7127.00 hours with a mean temperature of 24.91°C for 9th month
Trincomalee,1,January,3909.0,25.61,465,Trincomalee had a total precipitation of 3909.00 hours with a mean temperature of 25.61°C for 1st month
Trincomalee,10,October,3481.0,27.35,434,Trincomalee had a total precipitation of 3481.00 hours with a mean temperature of 27.35°C for 10th month
Trincomalee,11,November,5456.0,26.16,420,Trincomalee had a total precipitation of 5456.00 hours with a mean temperature of 26.16°C for 11th month
Trincomalee,12,December,5504.0,25.75,434,Trincomalee had a total precipitation of 5504.00 hours with a mean temperature of 25.75°C for 12th month
Trincomalee,2,February,2689.0,26.2,424,Trincomalee had a total precipitation of 2689.00 hours with a mean temperature of 26.20°C for 2nd month
Trincomalee,3,March,1864.0,27.42,465,Trincomalee had a total precipitation of 1864.00 hours with a mean temperature of 27.42°C for 3rd month
Trincomalee,4,April,1659.0,28.66,450,Trincomalee had a total precipitation of 1659.00 hours with a mean temperature of 28.66°C for 4th month
Trincomalee,5,May,1502.0,29.22,465,Trincomalee had a total precipitation of 1502.00 hours with a mean temperature of 29.22°C for 5th month
Trincomalee,6,June,629.0,29.67,428,Trincomalee had a total precipitation of 629.00 hours with a mean temperature of 29.67°C for 6th month
Trincomalee,7,July,751.0,29.3,434,Trincomalee had a total precipitation of 751.00 hours with a mean temperature of 29.30°C for 7th month
Trincomalee,8,August,983.0,28.91,434,Trincomalee had a total precipitation of 983.00 hours with a mean temperature of 28.91°C for 8th month
Trincomalee,9,September,1350.0,28.53,420,Trincomalee had a total precipitation of 1350.00 hours with a mean temperature of 28.53°C for 9th month
Vavuniya,1,January,2111.0,24.4,465,Vavuniya had a total precipitation of 2111.00 hours with a mean temperature of 24.40°C for 1st month
Vavuniya,10,October,3348.0,26.6,434,Vavuniya had a total precipitation of 3348.00 hours with a mean temperature of 26.60°C for 10th month
Vavuniya,11,November,4076.0,25.23,420,Vavuniya had a total precipitation of 4076.00 hours with a mean temperature of 25.23°C for 11th month
Vavuniya,12,December,3697.0,24.67,434,Vavuniya had a total precipitation of 3697.00 hours with a mean temperature of 24.67°C for 12th month
Vavuniya,2,February,1357.0,25.28,424,Vavuniya had a total precipitation of 1357.00 hours with a mean temperature of 25.28°C for 2nd month
Vavuniya,3,March,1069.0,27.18,465,Vavuniya had a total precipitation of 1069.00 hours with a mean temperature of 27.18°C for 3rd month
Vavuniya,4,April,1678.0,28.35,450,Vavuniya had a total precipitation of 1678.00 hours with a mean temperature of 28.35°C for 4th month
Vavuniya,5,May,1847.0,28.29,465,Vavuniya had a total precipitation of 1847.00 hours with a mean temperature of 28.29°C for 5th month
Vavuniya,6,June,1052.0,28.69,428,Vavuniya had a total precipitation of 1052.00 hours with a mean temperature of 28.69°C for 6th month
Vavuniya,7,July,990.0,28.52,434,Vavuniya had a total precipitation of 990.00 hours with a mean temperature of 28.52°C for 7th month
Vavuniya,8,August,1261.0,28.16,434,Vavuniya had a total precipitation of 1261.00 hours with a mean temperature of 28.16°C for 8th month
Vavuniya,9,September,1604.0,27.83,420,Vavuniya had a total precipitation of 1604.00 hours with a mean temperature of 27.83°C for 9th month
Welimada,1,January,3664.0,19.12,465,Welimada had a total precipitation of 3664.00 hours with a mean temperature of 19.12°C for 1st month
Welimada,10,October,4288.0,21.22,434,Welimada had a total precipitation of 4288.00 hours with a mean temperature of 21.22°C for 10th month
Welimada,11,November,4582.0,20.2,420,Welimada had a total precipitation of 4582.00 hours with a mean temperature of 20.20°C for 11th month
Welimada,12,December,4583.0,19.64,434,Welimada had a total precipitation of 4583.00 hours with a mean temperature of 19.64°C for 12th month
Welimada,2,February,2942.0,19.64,424,Welimada had a total precipitation of 2942.00 hours with a mean temperature of 19.64°C for 2nd month
Welimada,3,March,2255.0,20.72,465,Welimada had a total precipitation of 2255.00 hours with a mean temperature of 20.72°C for 3rd month
Welimada,4,April,2960.0,21.51,450,Welimada had a total precipitation of 2960.00 hours with a mean temperature of 21.51°C for 4th month
Welimada,5,May,3536.0,22.43,465,Welimada had a total precipitation of 3536.00 hours with a mean temperature of 22.43°C for 5th month
Welimada,6,June,3076.0,22.69,428,Welimada had a total precipitation of 3076.00 hours with a mean temperature of 22.69°C for 6th month
Welimada,7,July,3133.0,22.69,434,Welimada had a total precipitation of 3133.00 hours with a mean temperature of 22.69°C for 7th month
Welimada,8,August,3216.0,22.45,434,Welimada had a total precipitation of 3216.00 hours with a mean temperature of 22.45°C for 8th month
Welimada,9,September,3315.0,22.01,420,Welimada had a total precipitation of 3315.00 hours with a mean temperature of 22.01°C for 9th month
