district,year,month,hottest_month_name,week_of_year,weekly_max_temperature_C,days_in_week
Ampara,2010,3,March,9,30.8,4
Ampara,2010,3,March,10,32.1,7
Ampara,2010,3,March,11,31.3,7
Ampara,2010,3,March,12,32.3,7
Ampara,2010,3,March,13,32.6,6
Ampara,2011,6,June,22,32.6,3
Ampara,2011,6,June,23,33.7,7
Ampara,2011,6,June,24,34.7,7
Ampara,2011,6,June,25,35.2,7
Ampara,2011,6,June,26,35.1,6
Ampara,2012,5,May,18,33.3,5
Ampara,2012,5,May,19,34.2,7
Ampara,2012,5,May,20,34.2,7
Ampara,2012,5,May,21,36.2,7
Ampara,2012,5,May,22,36.4,5
Ampara,2013,4,April,13,31.2,1
Ampara,2013,4,April,14,33.3,7
Ampara,2013,4,April,15,32.8,7
Ampara,2013,4,April,16,33.6,7
Ampara,2013,4,April,17,32.8,7
Ampara,2013,4,April,18,31.8,1
Ampara,2014,4,April,13,32.4,1
Ampara,2014,4,April,14,32.1,7
Ampara,2014,4,April,15,32.9,7
Ampara,2014,4,April,16,32.3,7
Ampara,2014,4,April,17,33.5,7
Ampara,2014,4,April,18,31.4,1
Ampara,2015,7,July,26,32.7,1
Ampara,2015,7,July,27,34.9,7
Ampara,2015,7,July,28,34.9,7
Ampara,2015,7,July,29,35.1,7
Ampara,2015,7,July,30,34.2,7
Ampara,2015,7,July,31,33.9,2
Ampara,2016,4,April,14,33.3,7
Ampara,2016,4,April,15,33.7,7
Ampara,2016,4,April,16,32.9,7
Ampara,2016,4,April,17,35.3,7
Ampara,2016,4,April,18,32.2,2
Ampara,2017,4,April,13,32.9,1
Ampara,2017,4,April,14,33.4,7
Ampara,2017,4,April,15,35.6,7
Ampara,2017,4,April,16,35.8,7
Ampara,2017,4,April,17,35.0,7
Ampara,2017,4,April,18,32.8,1
Ampara,2018,4,April,13,31.8,1
Ampara,2018,4,April,14,31.4,7
Ampara,2018,4,April,15,30.7,7
Ampara,2018,4,April,16,32.6,7
Ampara,2018,4,April,17,32.2,7
Ampara,2018,4,April,18,32.7,1
Ampara,2019,5,May,18,36.6,6
Ampara,2019,5,May,19,37.4,7
Ampara,2019,5,May,20,37.0,7
Ampara,2019,5,May,21,36.3,7
Ampara,2019,5,May,22,37.4,4
Ampara,2020,3,March,9,31.4,3
Ampara,2020,3,March,10,32.4,7
Ampara,2020,3,March,11,32.2,7
Ampara,2020,3,March,12,32.7,7
Ampara,2020,3,March,13,32.8,7
Ampara,2021,4,April,13,35.0,1
Ampara,2021,4,April,14,35.0,7
Ampara,2021,4,April,15,32.5,7
Ampara,2021,4,April,16,32.8,7
Ampara,2021,4,April,17,33.7,7
Ampara,2021,4,April,18,31.5,1
Ampara,2022,3,March,9,29.8,4
Ampara,2022,3,March,10,31.9,7
Ampara,2022,3,March,11,31.3,7
Ampara,2022,3,March,12,33.7,7
Ampara,2022,3,March,13,33.0,6
Ampara,2023,8,August,31,38.7,5
Ampara,2023,8,August,32,38.3,7
Ampara,2023,8,August,33,38.3,7
Ampara,2023,8,August,34,37.8,7
Ampara,2023,8,August,35,37.7,5
Ampara,2024,4,April,14,34.7,7
Ampara,2024,4,April,15,34.4,7
Ampara,2024,4,April,16,34.7,7
Ampara,2024,4,April,17,35.1,7
Ampara,2024,4,April,18,34.1,2
Anuradhapura,2010,3,March,9,34.6,4
Anuradhapura,2010,3,March,10,35.5,7
Anuradhapura,2010,3,March,11,36.0,7
Anuradhapura,2010,3,March,12,36.2,7
Anuradhapura,2010,3,March,13,33.1,6
Anuradhapura,2011,6,June,22,30.6,3
Anuradhapura,2011,6,June,23,32.3,7
Anuradhapura,2011,6,June,24,32.0,7
Anuradhapura,2011,6,June,25,33.9,7
Anuradhapura,2011,6,June,26,34.3,6
Anuradhapura,2012,5,May,18,32.2,5
Anuradhapura,2012,5,May,19,34.9,7
Anuradhapura,2012,5,May,20,34.9,7
Anuradhapura,2012,5,May,21,34.0,7
Anuradhapura,2012,5,May,22,33.8,5
Anuradhapura,2013,4,April,13,33.3,1
Anuradhapura,2013,4,April,14,34.9,7
Anuradhapura,2013,4,April,15,35.0,7
Anuradhapura,2013,4,April,16,35.2,7
Anuradhapura,2013,4,April,17,33.3,7
Anuradhapura,2013,4,April,18,33.4,1
Anuradhapura,2014,4,April,13,35.6,1
Anuradhapura,2014,4,April,14,35.9,7
Anuradhapura,2014,4,April,15,34.2,7
Anuradhapura,2014,4,April,16,34.7,7
Anuradhapura,2014,4,April,17,34.2,7
Anuradhapura,2014,4,April,18,32.1,1
Anuradhapura,2015,7,July,26,30.7,1
Anuradhapura,2015,7,July,27,32.2,7
Anuradhapura,2015,7,July,28,33.8,7
Anuradhapura,2015,7,July,29,32.1,7
Anuradhapura,2015,7,July,30,32.7,7
Anuradhapura,2015,7,July,31,32.2,2
Anuradhapura,2016,4,April,14,35.5,7
Anuradhapura,2016,4,April,15,35.8,7
Anuradhapura,2016,4,April,16,34.8,7
Anuradhapura,2016,4,April,17,36.0,7
Anuradhapura,2016,4,April,18,36.1,2
Anuradhapura,2017,4,April,13,34.7,1
Anuradhapura,2017,4,April,14,36.2,7
Anuradhapura,2017,4,April,15,36.6,7
Anuradhapura,2017,4,April,16,36.2,7
Anuradhapura,2017,4,April,17,37.4,7
Anuradhapura,2017,4,April,18,37.3,1
Anuradhapura,2018,4,April,13,34.9,1
Anuradhapura,2018,4,April,14,36.4,7
Anuradhapura,2018,4,April,15,33.9,7
Anuradhapura,2018,4,April,16,34.7,7
Anuradhapura,2018,4,April,17,35.9,7
Anuradhapura,2018,4,April,18,34.2,1
Anuradhapura,2019,5,May,18,34.0,6
Anuradhapura,2019,5,May,19,35.9,7
Anuradhapura,2019,5,May,20,34.6,7
Anuradhapura,2019,5,May,21,34.9,7
Anuradhapura,2019,5,May,22,36.2,4
Anuradhapura,2020,3,March,9,33.8,3
Anuradhapura,2020,3,March,10,34.3,7
Anuradhapura,2020,3,March,11,34.2,7
Anuradhapura,2020,3,March,12,35.6,7
Anuradhapura,2020,3,March,13,35.8,7
Anuradhapura,2021,4,April,13,34.7,1
Anuradhapura,2021,4,April,14,36.4,7
Anuradhapura,2021,4,April,15,32.7,7
Anuradhapura,2021,4,April,16,32.6,7
Anuradhapura,2021,4,April,17,33.7,7
Anuradhapura,2021,4,April,18,32.6,1
Anuradhapura,2022,3,March,9,31.0,4
Anuradhapura,2022,3,March,10,32.4,7
Anuradhapura,2022,3,March,11,33.7,7
Anuradhapura,2022,3,March,12,33.9,7
Anuradhapura,2022,3,March,13,34.3,6
Anuradhapura,2023,8,August,31,36.4,5
Anuradhapura,2023,8,August,32,37.0,7
Anuradhapura,2023,8,August,33,34.4,7
Anuradhapura,2023,8,August,34,37.2,7
Anuradhapura,2023,8,August,35,35.9,5
Anuradhapura,2024,4,April,14,37.4,7
Anuradhapura,2024,4,April,15,37.2,7
Anuradhapura,2024,4,April,16,36.7,7
Anuradhapura,2024,4,April,17,37.5,7
Anuradhapura,2024,4,April,18,36.7,2
Badulla,2010,3,March,9,28.7,4
Badulla,2010,3,March,10,30.4,7
Badulla,2010,3,March,11,29.8,7
Badulla,2010,3,March,12,29.9,7
Badulla,2010,3,March,13,29.2,6
Badulla,2011,6,June,22,30.2,3
Badulla,2011,6,June,23,31.1,7
Badulla,2011,6,June,24,31.7,7
Badulla,2011,6,June,25,32.3,7
Badulla,2011,6,June,26,32.5,6
Badulla,2012,5,May,18,30.7,5
Badulla,2012,5,May,19,31.6,7
Badulla,2012,5,May,20,33.3,7
Badulla,2012,5,May,21,33.6,7
Badulla,2012,5,May,22,34.2,5
Badulla,2013,4,April,13,28.4,1
Badulla,2013,4,April,14,29.9,7
Badulla,2013,4,April,15,29.5,7
Badulla,2013,4,April,16,29.9,7
Badulla,2013,4,April,17,28.5,7
Badulla,2013,4,April,18,28.4,1
Badulla,2014,4,April,13,30.0,1
Badulla,2014,4,April,14,29.8,7
Badulla,2014,4,April,15,29.6,7
Badulla,2014,4,April,16,30.5,7
Badulla,2014,4,April,17,30.2,7
Badulla,2014,4,April,18,27.0,1
Badulla,2015,7,July,26,29.7,1
Badulla,2015,7,July,27,31.6,7
Badulla,2015,7,July,28,31.8,7
Badulla,2015,7,July,29,30.6,7
Badulla,2015,7,July,30,31.6,7
Badulla,2015,7,July,31,31.8,2
Badulla,2016,4,April,14,30.2,7
Badulla,2016,4,April,15,31.4,7
Badulla,2016,4,April,16,31.4,7
Badulla,2016,4,April,17,33.2,7
Badulla,2016,4,April,18,30.5,2
Badulla,2017,4,April,13,28.1,1
Badulla,2017,4,April,14,29.2,7
Badulla,2017,4,April,15,30.0,7
Badulla,2017,4,April,16,31.5,7
Badulla,2017,4,April,17,32.3,7
Badulla,2017,4,April,18,30.5,1
Badulla,2018,4,April,13,27.2,1
Badulla,2018,4,April,14,28.1,7
Badulla,2018,4,April,15,27.5,7
Badulla,2018,4,April,16,27.8,7
Badulla,2018,4,April,17,28.3,7
Badulla,2018,4,April,18,28.6,1
Badulla,2019,5,May,18,30.9,6
Badulla,2019,5,May,19,31.4,7
Badulla,2019,5,May,20,32.0,7
Badulla,2019,5,May,21,30.6,7
Badulla,2019,5,May,22,31.3,4
Badulla,2020,3,March,9,27.5,3
Badulla,2020,3,March,10,27.8,7
Badulla,2020,3,March,11,28.4,7
Badulla,2020,3,March,12,28.9,7
Badulla,2020,3,March,13,29.3,7
Badulla,2021,4,April,13,29.5,1
Badulla,2021,4,April,14,30.8,7
Badulla,2021,4,April,15,27.2,7
Badulla,2021,4,April,16,28.0,7
Badulla,2021,4,April,17,28.8,7
Badulla,2021,4,April,18,27.3,1
Badulla,2022,3,March,9,25.8,4
Badulla,2022,3,March,10,27.0,7
Badulla,2022,3,March,11,27.6,7
Badulla,2022,3,March,12,29.6,7
Badulla,2022,3,March,13,28.6,6
Badulla,2023,8,August,31,33.2,5
Badulla,2023,8,August,32,32.5,7
Badulla,2023,8,August,33,32.0,7
Badulla,2023,8,August,34,33.2,7
Badulla,2023,8,August,35,32.2,5
Badulla,2024,4,April,14,31.3,7
Badulla,2024,4,April,15,30.8,7
Badulla,2024,4,April,16,31.0,7
Badulla,2024,4,April,17,31.2,7
Badulla,2024,4,April,18,30.1,2
Bandarawela,2010,3,March,9,27.2,4
Bandarawela,2010,3,March,10,28.9,7
Bandarawela,2010,3,March,11,28.6,7
Bandarawela,2010,3,March,12,28.7,7
Bandarawela,2010,3,March,13,26.2,6
Bandarawela,2011,6,June,22,26.3,3
Bandarawela,2011,6,June,23,27.2,7
Bandarawela,2011,6,June,24,26.8,7
Bandarawela,2011,6,June,25,28.1,7
Bandarawela,2011,6,June,26,27.9,6
Bandarawela,2012,5,May,18,26.1,5
Bandarawela,2012,5,May,19,27.5,7
Bandarawela,2012,5,May,20,28.3,7
Bandarawela,2012,5,May,21,27.7,7
Bandarawela,2012,5,May,22,27.3,5
Bandarawela,2013,4,April,13,26.0,1
Bandarawela,2013,4,April,14,27.0,7
Bandarawela,2013,4,April,15,26.7,7
Bandarawela,2013,4,April,16,26.9,7
Bandarawela,2013,4,April,17,25.7,7
Bandarawela,2013,4,April,18,25.6,1
Bandarawela,2014,4,April,13,28.9,1
Bandarawela,2014,4,April,14,29.1,7
Bandarawela,2014,4,April,15,27.6,7
Bandarawela,2014,4,April,16,27.5,7
Bandarawela,2014,4,April,17,26.4,7
Bandarawela,2014,4,April,18,25.1,1
Bandarawela,2015,7,July,26,26.2,1
Bandarawela,2015,7,July,27,27.4,7
Bandarawela,2015,7,July,28,27.7,7
Bandarawela,2015,7,July,29,26.6,7
Bandarawela,2015,7,July,30,27.6,7
Bandarawela,2015,7,July,31,27.2,2
Bandarawela,2016,4,April,14,27.5,7
Bandarawela,2016,4,April,15,27.7,7
Bandarawela,2016,4,April,16,27.6,7
Bandarawela,2016,4,April,17,29.1,7
Bandarawela,2016,4,April,18,27.4,2
Bandarawela,2017,4,April,13,25.0,1
Bandarawela,2017,4,April,14,26.2,7
Bandarawela,2017,4,April,15,28.1,7
Bandarawela,2017,4,April,16,28.6,7
Bandarawela,2017,4,April,17,28.0,7
Bandarawela,2017,4,April,18,27.3,1
Bandarawela,2018,4,April,13,24.3,1
Bandarawela,2018,4,April,14,25.6,7
Bandarawela,2018,4,April,15,23.9,7
Bandarawela,2018,4,April,16,24.7,7
Bandarawela,2018,4,April,17,25.8,7
Bandarawela,2018,4,April,18,25.4,1
Bandarawela,2019,5,May,18,27.1,6
Bandarawela,2019,5,May,19,26.4,7
Bandarawela,2019,5,May,20,26.7,7
Bandarawela,2019,5,May,21,25.9,7
Bandarawela,2019,5,May,22,26.0,4
Bandarawela,2020,3,March,9,26.2,3
Bandarawela,2020,3,March,10,25.9,7
Bandarawela,2020,3,March,11,27.7,7
Bandarawela,2020,3,March,12,26.8,7
Bandarawela,2020,3,March,13,27.7,7
Bandarawela,2021,4,April,13,25.9,1
Bandarawela,2021,4,April,14,26.7,7
Bandarawela,2021,4,April,15,23.7,7
Bandarawela,2021,4,April,16,24.5,7
Bandarawela,2021,4,April,17,24.6,7
Bandarawela,2021,4,April,18,23.7,1
Bandarawela,2022,3,March,9,23.4,4
Bandarawela,2022,3,March,10,24.5,7
Bandarawela,2022,3,March,11,24.4,7
Bandarawela,2022,3,March,12,26.1,7
Bandarawela,2022,3,March,13,24.7,6
Bandarawela,2023,8,August,31,29.9,5
Bandarawela,2023,8,August,32,29.0,7
Bandarawela,2023,8,August,33,27.5,7
Bandarawela,2023,8,August,34,28.8,7
Bandarawela,2023,8,August,35,27.1,5
Bandarawela,2024,4,April,14,26.5,7
Bandarawela,2024,4,April,15,26.4,7
Bandarawela,2024,4,April,16,26.4,7
Bandarawela,2024,4,April,17,27.0,7
Bandarawela,2024,4,April,18,25.7,2
Batticaloa,2010,3,March,9,30.3,4
Batticaloa,2010,3,March,10,31.8,7
Batticaloa,2010,3,March,11,30.9,7
Batticaloa,2010,3,March,12,31.8,7
Batticaloa,2010,3,March,13,31.7,6
Batticaloa,2011,6,June,22,33.3,3
Batticaloa,2011,6,June,23,34.3,7
Batticaloa,2011,6,June,24,34.8,7
Batticaloa,2011,6,June,25,35.1,7
Batticaloa,2011,6,June,26,35.2,6
Batticaloa,2012,5,May,18,33.1,5
Batticaloa,2012,5,May,19,34.1,7
Batticaloa,2012,5,May,20,33.7,7
Batticaloa,2012,5,May,21,35.9,7
Batticaloa,2012,5,May,22,35.8,5
Batticaloa,2013,4,April,13,30.9,1
Batticaloa,2013,4,April,14,32.7,7
Batticaloa,2013,4,April,15,32.6,7
Batticaloa,2013,4,April,16,33.8,7
Batticaloa,2013,4,April,17,32.8,7
Batticaloa,2013,4,April,18,31.9,1
Batticaloa,2014,4,April,13,31.5,1
Batticaloa,2014,4,April,14,31.8,7
Batticaloa,2014,4,April,15,32.4,7
Batticaloa,2014,4,April,16,31.8,7
Batticaloa,2014,4,April,17,32.9,7
Batticaloa,2014,4,April,18,31.3,1
Batticaloa,2015,7,July,26,32.5,1
Batticaloa,2015,7,July,27,35.5,7
Batticaloa,2015,7,July,28,34.9,7
Batticaloa,2015,7,July,29,35.6,7
Batticaloa,2015,7,July,30,34.3,7
Batticaloa,2015,7,July,31,33.8,2
Batticaloa,2016,4,April,14,32.8,7
Batticaloa,2016,4,April,15,34.0,7
Batticaloa,2016,4,April,16,33.2,7
Batticaloa,2016,4,April,17,35.2,7
Batticaloa,2016,4,April,18,32.6,2
Batticaloa,2017,4,April,13,31.1,1
Batticaloa,2017,4,April,14,32.0,7
Batticaloa,2017,4,April,15,34.4,7
Batticaloa,2017,4,April,16,34.6,7
Batticaloa,2017,4,April,17,34.5,7
Batticaloa,2017,4,April,18,33.1,1
Batticaloa,2018,4,April,13,31.1,1
Batticaloa,2018,4,April,14,30.6,7
Batticaloa,2018,4,April,15,30.3,7
Batticaloa,2018,4,April,16,32.1,7
Batticaloa,2018,4,April,17,31.9,7
Batticaloa,2018,4,April,18,32.0,1
Batticaloa,2019,5,May,18,35.3,6
Batticaloa,2019,5,May,19,34.9,7
Batticaloa,2019,5,May,20,34.2,7
Batticaloa,2019,5,May,21,35.0,7
Batticaloa,2019,5,May,22,35.1,4
Batticaloa,2020,3,March,9,30.2,3
Batticaloa,2020,3,March,10,31.3,7
Batticaloa,2020,3,March,11,31.6,7
Batticaloa,2020,3,March,12,32.0,7
Batticaloa,2020,3,March,13,31.6,7
Batticaloa,2021,4,April,13,32.6,1
Batticaloa,2021,4,April,14,33.6,7
Batticaloa,2021,4,April,15,32.2,7
Batticaloa,2021,4,April,16,32.1,7
Batticaloa,2021,4,April,17,33.2,7
Batticaloa,2021,4,April,18,30.8,1
Batticaloa,2022,3,March,9,29.6,4
Batticaloa,2022,3,March,10,30.0,7
Batticaloa,2022,3,March,11,30.9,7
Batticaloa,2022,3,March,12,32.5,7
Batticaloa,2022,3,March,13,32.8,6
Batticaloa,2023,8,August,31,36.9,5
Batticaloa,2023,8,August,32,35.6,7
Batticaloa,2023,8,August,33,35.7,7
Batticaloa,2023,8,August,34,36.0,7
Batticaloa,2023,8,August,35,34.4,5
Batticaloa,2024,4,April,14,33.8,7
Batticaloa,2024,4,April,15,33.5,7
Batticaloa,2024,4,April,16,32.3,7
Batticaloa,2024,4,April,17,34.1,7
Batticaloa,2024,4,April,18,33.3,2
Colombo,2010,3,March,9,32.7,4
Colombo,2010,3,March,10,34.9,7
Colombo,2010,3,March,11,34.0,7
Colombo,2010,3,March,12,34.4,7
Colombo,2010,3,March,13,32.2,6
Colombo,2011,6,June,22,29.3,3
Colombo,2011,6,June,23,29.3,7
Colombo,2011,6,June,24,29.5,7
Colombo,2011,6,June,25,29.7,7
Colombo,2011,6,June,26,29.5,6
Colombo,2012,5,May,18,30.2,5
Colombo,2012,5,May,19,30.5,7
Colombo,2012,5,May,20,30.5,7
Colombo,2012,5,May,21,29.9,7
Colombo,2012,5,May,22,29.4,5
Colombo,2013,4,April,13,30.9,1
Colombo,2013,4,April,14,32.0,7
Colombo,2013,4,April,15,31.5,7
Colombo,2013,4,April,16,31.4,7
Colombo,2013,4,April,17,31.3,7
Colombo,2013,4,April,18,31.1,1
Colombo,2014,4,April,13,32.2,1
Colombo,2014,4,April,14,32.9,7
Colombo,2014,4,April,15,30.9,7
Colombo,2014,4,April,16,31.4,7
Colombo,2014,4,April,17,30.9,7
Colombo,2014,4,April,18,28.9,1
Colombo,2015,7,July,26,29.7,1
Colombo,2015,7,July,27,29.8,7
Colombo,2015,7,July,28,29.6,7
Colombo,2015,7,July,29,29.0,7
Colombo,2015,7,July,30,29.2,7
Colombo,2015,7,July,31,29.0,2
Colombo,2016,4,April,14,33.6,7
Colombo,2016,4,April,15,33.8,7
Colombo,2016,4,April,16,33.2,7
Colombo,2016,4,April,17,33.5,7
Colombo,2016,4,April,18,33.2,2
Colombo,2017,4,April,13,30.9,1
Colombo,2017,4,April,14,30.6,7
Colombo,2017,4,April,15,31.2,7
Colombo,2017,4,April,16,31.3,7
Colombo,2017,4,April,17,31.4,7
Colombo,2017,4,April,18,32.1,1
Colombo,2018,4,April,13,30.5,1
Colombo,2018,4,April,14,30.8,7
Colombo,2018,4,April,15,31.6,7
Colombo,2018,4,April,16,30.7,7
Colombo,2018,4,April,17,30.9,7
Colombo,2018,4,April,18,29.8,1
Colombo,2019,5,May,18,31.1,6
Colombo,2019,5,May,19,31.1,7
Colombo,2019,5,May,20,31.1,7
Colombo,2019,5,May,21,30.3,7
Colombo,2019,5,May,22,30.6,4
Colombo,2020,3,March,9,32.3,3
Colombo,2020,3,March,10,33.0,7
Colombo,2020,3,March,11,32.1,7
Colombo,2020,3,March,12,32.5,7
Colombo,2020,3,March,13,33.1,7
Colombo,2021,4,April,13,30.3,1
Colombo,2021,4,April,14,31.0,7
Colombo,2021,4,April,15,30.9,7
Colombo,2021,4,April,16,30.3,7
Colombo,2021,4,April,17,30.9,7
Colombo,2021,4,April,18,30.1,1
Colombo,2022,3,March,9,34.9,4
Colombo,2022,3,March,10,32.6,7
Colombo,2022,3,March,11,33.2,7
Colombo,2022,3,March,12,30.7,7
Colombo,2022,3,March,13,31.8,6
Colombo,2023,8,August,31,28.9,5
Colombo,2023,8,August,32,29.1,7
Colombo,2023,8,August,33,29.4,7
Colombo,2023,8,August,34,29.8,7
Colombo,2023,8,August,35,30.1,5
Colombo,2024,4,April,14,33.9,7
Colombo,2024,4,April,15,34.2,7
Colombo,2024,4,April,16,32.3,7
Colombo,2024,4,April,17,32.6,7
Colombo,2024,4,April,18,32.3,2
Galle,2010,3,March,9,31.0,4
Galle,2010,3,March,10,32.7,7
Galle,2010,3,March,11,31.5,7
Galle,2010,3,March,12,31.4,7
Galle,2010,3,March,13,30.8,6
Galle,2011,6,June,22,28.6,3
Galle,2011,6,June,23,28.9,7
Galle,2011,6,June,24,28.9,7
Galle,2011,6,June,25,29.1,7
Galle,2011,6,June,26,28.6,6
Galle,2012,5,May,18,29.5,5
Galle,2012,5,May,19,30.0,7
Galle,2012,5,May,20,29.9,7
Galle,2012,5,May,21,29.0,7
Galle,2012,5,May,22,28.1,5
Galle,2013,4,April,13,29.6,1
Galle,2013,4,April,14,30.5,7
Galle,2013,4,April,15,30.4,7
Galle,2013,4,April,16,30.2,7
Galle,2013,4,April,17,30.0,7
Galle,2013,4,April,18,30.0,1
Galle,2014,4,April,13,30.1,1
Galle,2014,4,April,14,30.5,7
Galle,2014,4,April,15,30.0,7
Galle,2014,4,April,16,30.3,7
Galle,2014,4,April,17,29.9,7
Galle,2014,4,April,18,28.5,1
Galle,2015,7,July,26,28.8,1
Galle,2015,7,July,27,29.3,7
Galle,2015,7,July,28,29.2,7
Galle,2015,7,July,29,28.5,7
Galle,2015,7,July,30,28.9,7
Galle,2015,7,July,31,28.6,2
Galle,2016,4,April,14,30.9,7
Galle,2016,4,April,15,31.3,7
Galle,2016,4,April,16,30.8,7
Galle,2016,4,April,17,31.0,7
Galle,2016,4,April,18,30.6,2
Galle,2017,4,April,13,29.9,1
Galle,2017,4,April,14,30.5,7
Galle,2017,4,April,15,30.2,7
Galle,2017,4,April,16,30.5,7
Galle,2017,4,April,17,30.5,7
Galle,2017,4,April,18,30.3,1
Galle,2018,4,April,13,29.4,1
Galle,2018,4,April,14,30.8,7
Galle,2018,4,April,15,30.7,7
Galle,2018,4,April,16,31.0,7
Galle,2018,4,April,17,30.1,7
Galle,2018,4,April,18,29.1,1
Galle,2019,5,May,18,29.9,6
Galle,2019,5,May,19,30.2,7
Galle,2019,5,May,20,30.1,7
Galle,2019,5,May,21,29.7,7
Galle,2019,5,May,22,29.8,4
Galle,2020,3,March,9,31.2,3
Galle,2020,3,March,10,33.5,7
Galle,2020,3,March,11,33.8,7
Galle,2020,3,March,12,33.0,7
Galle,2020,3,March,13,33.2,7
Galle,2021,4,April,13,29.9,1
Galle,2021,4,April,14,30.9,7
Galle,2021,4,April,15,30.1,7
Galle,2021,4,April,16,29.9,7
Galle,2021,4,April,17,29.9,7
Galle,2021,4,April,18,29.6,1
Galle,2022,3,March,9,30.4,4
Galle,2022,3,March,10,31.1,7
Galle,2022,3,March,11,29.4,7
Galle,2022,3,March,12,30.2,7
Galle,2022,3,March,13,30.6,6
Galle,2023,8,August,31,29.2,5
Galle,2023,8,August,32,29.4,7
Galle,2023,8,August,33,29.4,7
Galle,2023,8,August,34,29.9,7
Galle,2023,8,August,35,30.0,5
Galle,2024,4,April,14,31.5,7
Galle,2024,4,April,15,34.0,7
Galle,2024,4,April,16,31.9,7
Galle,2024,4,April,17,31.9,7
Galle,2024,4,April,18,31.5,2
Gampaha,2010,3,March,9,34.3,4
Gampaha,2010,3,March,10,36.5,7
Gampaha,2010,3,March,11,35.2,7
Gampaha,2010,3,March,12,35.3,7
Gampaha,2010,3,March,13,32.1,6
Gampaha,2011,6,June,22,29.4,3
Gampaha,2011,6,June,23,29.3,7
Gampaha,2011,6,June,24,29.6,7
Gampaha,2011,6,June,25,29.8,7
Gampaha,2011,6,June,26,29.9,6
Gampaha,2012,5,May,18,30.4,5
Gampaha,2012,5,May,19,31.1,7
Gampaha,2012,5,May,20,31.0,7
Gampaha,2012,5,May,21,29.9,7
Gampaha,2012,5,May,22,29.8,5
Gampaha,2013,4,April,13,30.9,1
Gampaha,2013,4,April,14,32.2,7
Gampaha,2013,4,April,15,32.0,7
Gampaha,2013,4,April,16,31.7,7
Gampaha,2013,4,April,17,31.2,7
Gampaha,2013,4,April,18,31.0,1
Gampaha,2014,4,April,13,32.8,1
Gampaha,2014,4,April,14,34.1,7
Gampaha,2014,4,April,15,30.8,7
Gampaha,2014,4,April,16,31.6,7
Gampaha,2014,4,April,17,31.5,7
Gampaha,2014,4,April,18,29.3,1
Gampaha,2015,7,July,26,29.8,1
Gampaha,2015,7,July,27,29.7,7
Gampaha,2015,7,July,28,29.5,7
Gampaha,2015,7,July,29,29.0,7
Gampaha,2015,7,July,30,29.4,7
Gampaha,2015,7,July,31,29.2,2
Gampaha,2016,4,April,14,33.8,7
Gampaha,2016,4,April,15,33.7,7
Gampaha,2016,4,April,16,33.3,7
Gampaha,2016,4,April,17,33.5,7
Gampaha,2016,4,April,18,33.8,2
Gampaha,2017,4,April,13,31.3,1
Gampaha,2017,4,April,14,31.6,7
Gampaha,2017,4,April,15,31.4,7
Gampaha,2017,4,April,16,31.8,7
Gampaha,2017,4,April,17,31.5,7
Gampaha,2017,4,April,18,32.6,1
Gampaha,2018,4,April,13,31.2,1
Gampaha,2018,4,April,14,32.3,7
Gampaha,2018,4,April,15,32.2,7
Gampaha,2018,4,April,16,32.0,7
Gampaha,2018,4,April,17,31.4,7
Gampaha,2018,4,April,18,30.7,1
Gampaha,2019,5,May,18,31.6,6
Gampaha,2019,5,May,19,31.4,7
Gampaha,2019,5,May,20,31.5,7
Gampaha,2019,5,May,21,31.2,7
Gampaha,2019,5,May,22,30.7,4
Gampaha,2020,3,March,9,35.3,3
Gampaha,2020,3,March,10,34.9,7
Gampaha,2020,3,March,11,34.0,7
Gampaha,2020,3,March,12,33.7,7
Gampaha,2020,3,March,13,34.2,7
Gampaha,2021,4,April,13,31.0,1
Gampaha,2021,4,April,14,33.0,7
Gampaha,2021,4,April,15,32.1,7
Gampaha,2021,4,April,16,31.1,7
Gampaha,2021,4,April,17,31.8,7
Gampaha,2021,4,April,18,31.1,1
Gampaha,2022,3,March,9,34.6,4
Gampaha,2022,3,March,10,34.2,7
Gampaha,2022,3,March,11,34.1,7
Gampaha,2022,3,March,12,31.3,7
Gampaha,2022,3,March,13,32.7,6
Gampaha,2023,8,August,31,29.7,5
Gampaha,2023,8,August,32,30.0,7
Gampaha,2023,8,August,33,30.1,7
Gampaha,2023,8,August,34,30.7,7
Gampaha,2023,8,August,35,30.6,5
Gampaha,2024,4,April,14,34.4,7
Gampaha,2024,4,April,15,36.2,7
Gampaha,2024,4,April,16,33.0,7
Gampaha,2024,4,April,17,33.5,7
Gampaha,2024,4,April,18,33.3,2
Hambantota,2010,3,March,9,31.7,4
Hambantota,2010,3,March,10,33.2,7
Hambantota,2010,3,March,11,32.9,7
Hambantota,2010,3,March,12,33.1,7
Hambantota,2010,3,March,13,32.0,6
Hambantota,2011,6,June,22,31.0,3
Hambantota,2011,6,June,23,31.8,7
Hambantota,2011,6,June,24,31.7,7
Hambantota,2011,6,June,25,33.1,7
Hambantota,2011,6,June,26,32.7,6
Hambantota,2012,5,May,18,31.9,5
Hambantota,2012,5,May,19,33.3,7
Hambantota,2012,5,May,20,33.5,7
Hambantota,2012,5,May,21,32.8,7
Hambantota,2012,5,May,22,31.8,5
Hambantota,2013,4,April,13,31.0,1
Hambantota,2013,4,April,14,32.6,7
Hambantota,2013,4,April,15,31.4,7
Hambantota,2013,4,April,16,32.8,7
Hambantota,2013,4,April,17,32.4,7
Hambantota,2013,4,April,18,31.0,1
Hambantota,2014,4,April,13,33.8,1
Hambantota,2014,4,April,14,33.8,7
Hambantota,2014,4,April,15,33.5,7
Hambantota,2014,4,April,16,33.6,7
Hambantota,2014,4,April,17,32.2,7
Hambantota,2014,4,April,18,31.3,1
Hambantota,2015,7,July,26,31.5,1
Hambantota,2015,7,July,27,32.9,7
Hambantota,2015,7,July,28,33.0,7
Hambantota,2015,7,July,29,32.5,7
Hambantota,2015,7,July,30,32.6,7
Hambantota,2015,7,July,31,31.9,2
Hambantota,2016,4,April,14,32.4,7
Hambantota,2016,4,April,15,33.4,7
Hambantota,2016,4,April,16,32.2,7
Hambantota,2016,4,April,17,32.4,7
Hambantota,2016,4,April,18,31.9,2
Hambantota,2017,4,April,13,31.1,1
Hambantota,2017,4,April,14,33.8,7
Hambantota,2017,4,April,15,34.6,7
Hambantota,2017,4,April,16,35.2,7
Hambantota,2017,4,April,17,33.3,7
Hambantota,2017,4,April,18,31.8,1
Hambantota,2018,4,April,13,30.8,1
Hambantota,2018,4,April,14,31.0,7
Hambantota,2018,4,April,15,30.3,7
Hambantota,2018,4,April,16,30.9,7
Hambantota,2018,4,April,17,31.2,7
Hambantota,2018,4,April,18,30.8,1
Hambantota,2019,5,May,18,32.2,6
Hambantota,2019,5,May,19,33.8,7
Hambantota,2019,5,May,20,32.8,7
Hambantota,2019,5,May,21,32.0,7
Hambantota,2019,5,May,22,32.6,4
Hambantota,2020,3,March,9,31.9,3
Hambantota,2020,3,March,10,32.1,7
Hambantota,2020,3,March,11,32.8,7
Hambantota,2020,3,March,12,32.6,7
Hambantota,2020,3,March,13,32.4,7
Hambantota,2021,4,April,13,32.3,1
Hambantota,2021,4,April,14,35.2,7
Hambantota,2021,4,April,15,31.9,7
Hambantota,2021,4,April,16,32.0,7
Hambantota,2021,4,April,17,32.8,7
Hambantota,2021,4,April,18,31.3,1
Hambantota,2022,3,March,9,33.8,4
Hambantota,2022,3,March,10,33.2,7
Hambantota,2022,3,March,11,32.1,7
Hambantota,2022,3,March,12,33.4,7
Hambantota,2022,3,March,13,31.5,6
Hambantota,2023,8,August,31,34.0,5
Hambantota,2023,8,August,32,34.0,7
Hambantota,2023,8,August,33,33.6,7
Hambantota,2023,8,August,34,33.8,7
Hambantota,2023,8,August,35,32.2,5
Hambantota,2024,4,April,14,31.9,7
Hambantota,2024,4,April,15,33.8,7
Hambantota,2024,4,April,16,32.4,7
Hambantota,2024,4,April,17,32.6,7
Hambantota,2024,4,April,18,31.3,2
Jaffna,2010,3,March,9,29.6,4
Jaffna,2010,3,March,10,31.3,7
Jaffna,2010,3,March,11,31.4,7
Jaffna,2010,3,March,12,31.9,7
Jaffna,2010,3,March,13,32.2,6
Jaffna,2011,6,June,22,30.5,3
Jaffna,2011,6,June,23,31.1,7
Jaffna,2011,6,June,24,31.1,7
Jaffna,2011,6,June,25,31.7,7
Jaffna,2011,6,June,26,32.4,6
Jaffna,2012,5,May,18,30.7,5
Jaffna,2012,5,May,19,32.3,7
Jaffna,2012,5,May,20,31.8,7
Jaffna,2012,5,May,21,31.6,7
Jaffna,2012,5,May,22,31.3,5
Jaffna,2013,4,April,13,31.2,1
Jaffna,2013,4,April,14,32.8,7
Jaffna,2013,4,April,15,32.4,7
Jaffna,2013,4,April,16,33.3,7
Jaffna,2013,4,April,17,32.6,7
Jaffna,2013,4,April,18,32.8,1
Jaffna,2014,4,April,13,32.1,1
Jaffna,2014,4,April,14,32.4,7
Jaffna,2014,4,April,15,32.8,7
Jaffna,2014,4,April,16,32.7,7
Jaffna,2014,4,April,17,32.5,7
Jaffna,2014,4,April,18,30.4,1
Jaffna,2015,7,July,26,30.5,1
Jaffna,2015,7,July,27,31.4,7
Jaffna,2015,7,July,28,32.0,7
Jaffna,2015,7,July,29,31.0,7
Jaffna,2015,7,July,30,30.8,7
Jaffna,2015,7,July,31,30.3,2
Jaffna,2016,4,April,14,33.0,7
Jaffna,2016,4,April,15,33.6,7
Jaffna,2016,4,April,16,32.8,7
Jaffna,2016,4,April,17,33.6,7
Jaffna,2016,4,April,18,32.8,2
Jaffna,2017,4,April,13,32.5,1
Jaffna,2017,4,April,14,33.6,7
Jaffna,2017,4,April,15,33.1,7
Jaffna,2017,4,April,16,32.5,7
Jaffna,2017,4,April,17,32.5,7
Jaffna,2017,4,April,18,33.1,1
Jaffna,2018,4,April,13,31.7,1
Jaffna,2018,4,April,14,33.4,7
Jaffna,2018,4,April,15,32.2,7
Jaffna,2018,4,April,16,33.1,7
Jaffna,2018,4,April,17,33.3,7
Jaffna,2018,4,April,18,32.2,1
Jaffna,2019,5,May,18,32.7,6
Jaffna,2019,5,May,19,32.2,7
Jaffna,2019,5,May,20,32.2,7
Jaffna,2019,5,May,21,32.2,7
Jaffna,2019,5,May,22,33.2,4
Jaffna,2020,3,March,9,31.2,3
Jaffna,2020,3,March,10,32.2,7
Jaffna,2020,3,March,11,33.1,7
Jaffna,2020,3,March,12,33.3,7
Jaffna,2020,3,March,13,33.2,7
Jaffna,2021,4,April,13,31.9,1
Jaffna,2021,4,April,14,33.6,7
Jaffna,2021,4,April,15,31.8,7
Jaffna,2021,4,April,16,31.6,7
Jaffna,2021,4,April,17,32.1,7
Jaffna,2021,4,April,18,31.4,1
Jaffna,2022,3,March,9,29.8,4
Jaffna,2022,3,March,10,30.3,7
Jaffna,2022,3,March,11,31.2,7
Jaffna,2022,3,March,12,33.1,7
Jaffna,2022,3,March,13,31.8,6
Jaffna,2023,8,August,31,33.1,5
Jaffna,2023,8,August,32,33.2,7
Jaffna,2023,8,August,33,31.3,7
Jaffna,2023,8,August,34,32.0,7
Jaffna,2023,8,August,35,33.1,5
Jaffna,2024,4,April,14,34.5,7
Jaffna,2024,4,April,15,35.1,7
Jaffna,2024,4,April,16,34.8,7
Jaffna,2024,4,April,17,37.0,7
Jaffna,2024,4,April,18,35.9,2
Kalutara,2010,3,March,9,30.9,4
Kalutara,2010,3,March,10,32.8,7
Kalutara,2010,3,March,11,32.5,7
Kalutara,2010,3,March,12,32.1,7
Kalutara,2010,3,March,13,31.3,6
Kalutara,2011,6,June,22,28.8,3
Kalutara,2011,6,June,23,29.0,7
Kalutara,2011,6,June,24,29.0,7
Kalutara,2011,6,June,25,29.3,7
Kalutara,2011,6,June,26,29.0,6
Kalutara,2012,5,May,18,30.0,5
Kalutara,2012,5,May,19,30.2,7
Kalutara,2012,5,May,20,30.0,7
Kalutara,2012,5,May,21,29.4,7
Kalutara,2012,5,May,22,28.8,5
Kalutara,2013,4,April,13,30.1,1
Kalutara,2013,4,April,14,31.0,7
Kalutara,2013,4,April,15,30.8,7
Kalutara,2013,4,April,16,30.5,7
Kalutara,2013,4,April,17,30.7,7
Kalutara,2013,4,April,18,30.5,1
Kalutara,2014,4,April,13,31.5,1
Kalutara,2014,4,April,14,32.2,7
Kalutara,2014,4,April,15,30.2,7
Kalutara,2014,4,April,16,30.7,7
Kalutara,2014,4,April,17,30.3,7
Kalutara,2014,4,April,18,28.7,1
Kalutara,2015,7,July,26,29.3,1
Kalutara,2015,7,July,27,29.4,7
Kalutara,2015,7,July,28,29.2,7
Kalutara,2015,7,July,29,28.7,7
Kalutara,2015,7,July,30,28.9,7
Kalutara,2015,7,July,31,28.8,2
Kalutara,2016,4,April,14,32.1,7
Kalutara,2016,4,April,15,32.8,7
Kalutara,2016,4,April,16,32.1,7
Kalutara,2016,4,April,17,32.3,7
Kalutara,2016,4,April,18,31.6,2
Kalutara,2017,4,April,13,30.8,1
Kalutara,2017,4,April,14,30.6,7
Kalutara,2017,4,April,15,30.9,7
Kalutara,2017,4,April,16,30.8,7
Kalutara,2017,4,April,17,30.5,7
Kalutara,2017,4,April,18,30.6,1
Kalutara,2018,4,April,13,30.2,1
Kalutara,2018,4,April,14,31.0,7
Kalutara,2018,4,April,15,30.7,7
Kalutara,2018,4,April,16,31.5,7
Kalutara,2018,4,April,17,30.8,7
Kalutara,2018,4,April,18,29.7,1
Kalutara,2019,5,May,18,31.1,6
Kalutara,2019,5,May,19,30.8,7
Kalutara,2019,5,May,20,30.6,7
Kalutara,2019,5,May,21,30.3,7
Kalutara,2019,5,May,22,30.3,4
Kalutara,2020,3,March,9,32.0,3
Kalutara,2020,3,March,10,32.2,7
Kalutara,2020,3,March,11,32.7,7
Kalutara,2020,3,March,12,32.2,7
Kalutara,2020,3,March,13,32.5,7
Kalutara,2021,4,April,13,30.3,1
Kalutara,2021,4,April,14,31.1,7
Kalutara,2021,4,April,15,30.9,7
Kalutara,2021,4,April,16,29.9,7
Kalutara,2021,4,April,17,30.5,7
Kalutara,2021,4,April,18,29.8,1
Kalutara,2022,3,March,9,32.1,4
Kalutara,2022,3,March,10,32.2,7
Kalutara,2022,3,March,11,30.5,7
Kalutara,2022,3,March,12,30.2,7
Kalutara,2022,3,March,13,31.7,6
Kalutara,2023,8,August,31,29.4,5
Kalutara,2023,8,August,32,29.4,7
Kalutara,2023,8,August,33,29.7,7
Kalutara,2023,8,August,34,29.9,7
Kalutara,2023,8,August,35,29.9,5
Kalutara,2024,4,April,14,33.2,7
Kalutara,2024,4,April,15,33.0,7
Kalutara,2024,4,April,16,32.2,7
Kalutara,2024,4,April,17,32.9,7
Kalutara,2024,4,April,18,32.5,2
Kandy,2010,3,March,9,31.7,4
Kandy,2010,3,March,10,32.2,7
Kandy,2010,3,March,11,32.6,7
Kandy,2010,3,March,12,33.1,7
Kandy,2010,3,March,13,29.6,6
Kandy,2011,6,June,22,28.3,3
Kandy,2011,6,June,23,28.4,7
Kandy,2011,6,June,24,28.7,7
Kandy,2011,6,June,25,28.6,7
Kandy,2011,6,June,26,29.2,6
Kandy,2012,5,May,18,28.2,5
Kandy,2012,5,May,19,30.8,7
Kandy,2012,5,May,20,30.5,7
Kandy,2012,5,May,21,29.6,7
Kandy,2012,5,May,22,29.5,5
Kandy,2013,4,April,13,29.3,1
Kandy,2013,4,April,14,30.4,7
Kandy,2013,4,April,15,30.6,7
Kandy,2013,4,April,16,29.6,7
Kandy,2013,4,April,17,28.9,7
Kandy,2013,4,April,18,29.3,1
Kandy,2014,4,April,13,32.3,1
Kandy,2014,4,April,14,32.9,7
Kandy,2014,4,April,15,30.2,7
Kandy,2014,4,April,16,30.7,7
Kandy,2014,4,April,17,30.5,7
Kandy,2014,4,April,18,28.0,1
Kandy,2015,7,July,26,27.7,1
Kandy,2015,7,July,27,28.2,7
Kandy,2015,7,July,28,28.5,7
Kandy,2015,7,July,29,26.7,7
Kandy,2015,7,July,30,28.1,7
Kandy,2015,7,July,31,27.8,2
Kandy,2016,4,April,14,32.2,7
Kandy,2016,4,April,15,33.1,7
Kandy,2016,4,April,16,32.6,7
Kandy,2016,4,April,17,32.3,7
Kandy,2016,4,April,18,31.3,2
Kandy,2017,4,April,13,31.2,1
Kandy,2017,4,April,14,34.3,7
Kandy,2017,4,April,15,33.4,7
Kandy,2017,4,April,16,31.2,7
Kandy,2017,4,April,17,34.3,7
Kandy,2017,4,April,18,34.9,1
Kandy,2018,4,April,13,31.0,1
Kandy,2018,4,April,14,33.3,7
Kandy,2018,4,April,15,31.3,7
Kandy,2018,4,April,16,33.6,7
Kandy,2018,4,April,17,32.4,7
Kandy,2018,4,April,18,30.2,1
Kandy,2019,5,May,18,30.5,6
Kandy,2019,5,May,19,32.2,7
Kandy,2019,5,May,20,31.6,7
Kandy,2019,5,May,21,31.9,7
Kandy,2019,5,May,22,32.2,4
Kandy,2020,3,March,9,34.3,3
Kandy,2020,3,March,10,33.1,7
Kandy,2020,3,March,11,34.5,7
Kandy,2020,3,March,12,34.5,7
Kandy,2020,3,March,13,33.8,7
Kandy,2021,4,April,13,30.8,1
Kandy,2021,4,April,14,33.8,7
Kandy,2021,4,April,15,30.3,7
Kandy,2021,4,April,16,29.5,7
Kandy,2021,4,April,17,31.3,7
Kandy,2021,4,April,18,29.8,1
Kandy,2022,3,March,9,29.7,4
Kandy,2022,3,March,10,32.1,7
Kandy,2022,3,March,11,31.5,7
Kandy,2022,3,March,12,30.9,7
Kandy,2022,3,March,13,32.5,6
Kandy,2023,8,August,31,30.9,5
Kandy,2023,8,August,32,31.9,7
Kandy,2023,8,August,33,30.9,7
Kandy,2023,8,August,34,32.2,7
Kandy,2023,8,August,35,31.7,5
Kandy,2024,4,April,14,35.5,7
Kandy,2024,4,April,15,35.9,7
Kandy,2024,4,April,16,35.3,7
Kandy,2024,4,April,17,35.9,7
Kandy,2024,4,April,18,34.4,2
Kegalle,2010,3,March,9,34.5,4
Kegalle,2010,3,March,10,35.8,7
Kegalle,2010,3,March,11,35.1,7
Kegalle,2010,3,March,12,36.0,7
Kegalle,2010,3,March,13,31.2,6
Kegalle,2011,6,June,22,28.0,3
Kegalle,2011,6,June,23,28.4,7
Kegalle,2011,6,June,24,28.4,7
Kegalle,2011,6,June,25,28.6,7
Kegalle,2011,6,June,26,29.0,6
Kegalle,2012,5,May,18,29.5,5
Kegalle,2012,5,May,19,31.0,7
Kegalle,2012,5,May,20,30.7,7
Kegalle,2012,5,May,21,29.5,7
Kegalle,2012,5,May,22,29.5,5
Kegalle,2013,4,April,13,30.5,1
Kegalle,2013,4,April,14,31.9,7
Kegalle,2013,4,April,15,32.2,7
Kegalle,2013,4,April,16,31.4,7
Kegalle,2013,4,April,17,30.6,7
Kegalle,2013,4,April,18,30.0,1
Kegalle,2014,4,April,13,33.6,1
Kegalle,2014,4,April,14,34.9,7
Kegalle,2014,4,April,15,30.0,7
Kegalle,2014,4,April,16,30.8,7
Kegalle,2014,4,April,17,31.0,7
Kegalle,2014,4,April,18,29.3,1
Kegalle,2015,7,July,26,28.4,1
Kegalle,2015,7,July,27,28.4,7
Kegalle,2015,7,July,28,28.5,7
Kegalle,2015,7,July,29,28.2,7
Kegalle,2015,7,July,30,28.6,7
Kegalle,2015,7,July,31,28.3,2
Kegalle,2016,4,April,14,34.4,7
Kegalle,2016,4,April,15,33.8,7
Kegalle,2016,4,April,16,33.5,7
Kegalle,2016,4,April,17,32.1,7
Kegalle,2016,4,April,18,33.1,2
Kegalle,2017,4,April,13,32.4,1
Kegalle,2017,4,April,14,33.9,7
Kegalle,2017,4,April,15,32.0,7
Kegalle,2017,4,April,16,32.8,7
Kegalle,2017,4,April,17,33.5,7
Kegalle,2017,4,April,18,35.1,1
Kegalle,2018,4,April,13,32.4,1
Kegalle,2018,4,April,14,34.9,7
Kegalle,2018,4,April,15,31.8,7
Kegalle,2018,4,April,16,33.2,7
Kegalle,2018,4,April,17,33.2,7
Kegalle,2018,4,April,18,30.8,1
Kegalle,2019,5,May,18,31.4,6
Kegalle,2019,5,May,19,31.4,7
Kegalle,2019,5,May,20,31.3,7
Kegalle,2019,5,May,21,31.2,7
Kegalle,2019,5,May,22,30.7,4
Kegalle,2020,3,March,9,36.7,3
Kegalle,2020,3,March,10,36.6,7
Kegalle,2020,3,March,11,37.0,7
Kegalle,2020,3,March,12,36.5,7
Kegalle,2020,3,March,13,35.7,7
Kegalle,2021,4,April,13,31.3,1
Kegalle,2021,4,April,14,36.0,7
Kegalle,2021,4,April,15,32.6,7
Kegalle,2021,4,April,16,31.2,7
Kegalle,2021,4,April,17,32.1,7
Kegalle,2021,4,April,18,31.2,1
Kegalle,2022,3,March,9,33.1,4
Kegalle,2022,3,March,10,35.5,7
Kegalle,2022,3,March,11,33.7,7
Kegalle,2022,3,March,12,32.5,7
Kegalle,2022,3,March,13,34.2,6
Kegalle,2023,8,August,31,30.9,5
Kegalle,2023,8,August,32,31.7,7
Kegalle,2023,8,August,33,31.9,7
Kegalle,2023,8,August,34,32.8,7
Kegalle,2023,8,August,35,31.7,5
Kegalle,2024,4,April,14,36.8,7
Kegalle,2024,4,April,15,38.4,7
Kegalle,2024,4,April,16,34.1,7
Kegalle,2024,4,April,17,36.5,7
Kegalle,2024,4,April,18,34.4,2
Kilinochchi[1],2010,3,March,9,32.1,4
Kilinochchi[1],2010,3,March,10,33.8,7
Kilinochchi[1],2010,3,March,11,34.0,7
Kilinochchi[1],2010,3,March,12,34.1,7
Kilinochchi[1],2010,3,March,13,33.9,6
Kilinochchi[1],2011,6,June,22,32.7,3
Kilinochchi[1],2011,6,June,23,34.0,7
Kilinochchi[1],2011,6,June,24,33.6,7
Kilinochchi[1],2011,6,June,25,35.4,7
Kilinochchi[1],2011,6,June,26,35.3,6
Kilinochchi[1],2012,5,May,18,33.0,5
Kilinochchi[1],2012,5,May,19,36.1,7
Kilinochchi[1],2012,5,May,20,36.1,7
Kilinochchi[1],2012,5,May,21,35.5,7
Kilinochchi[1],2012,5,May,22,34.6,5
Kilinochchi[1],2013,4,April,13,32.9,1
Kilinochchi[1],2013,4,April,14,35.3,7
Kilinochchi[1],2013,4,April,15,34.5,7
Kilinochchi[1],2013,4,April,16,36.0,7
Kilinochchi[1],2013,4,April,17,34.8,7
Kilinochchi[1],2013,4,April,18,34.2,1
Kilinochchi[1],2014,4,April,13,34.6,1
Kilinochchi[1],2014,4,April,14,34.7,7
Kilinochchi[1],2014,4,April,15,34.3,7
Kilinochchi[1],2014,4,April,16,34.5,7
Kilinochchi[1],2014,4,April,17,34.7,7
Kilinochchi[1],2014,4,April,18,32.0,1
Kilinochchi[1],2015,7,July,26,33.0,1
Kilinochchi[1],2015,7,July,27,34.3,7
Kilinochchi[1],2015,7,July,28,34.7,7
Kilinochchi[1],2015,7,July,29,33.4,7
Kilinochchi[1],2015,7,July,30,33.7,7
Kilinochchi[1],2015,7,July,31,33.1,2
Kilinochchi[1],2016,4,April,14,34.5,7
Kilinochchi[1],2016,4,April,15,36.3,7
Kilinochchi[1],2016,4,April,16,34.6,7
Kilinochchi[1],2016,4,April,17,36.8,7
Kilinochchi[1],2016,4,April,18,35.2,2
Kilinochchi[1],2017,4,April,13,35.3,1
Kilinochchi[1],2017,4,April,14,36.3,7
Kilinochchi[1],2017,4,April,15,37.1,7
Kilinochchi[1],2017,4,April,16,37.7,7
Kilinochchi[1],2017,4,April,17,37.3,7
Kilinochchi[1],2017,4,April,18,35.1,1
Kilinochchi[1],2018,4,April,13,35.7,1
Kilinochchi[1],2018,4,April,14,34.6,7
Kilinochchi[1],2018,4,April,15,32.9,7
Kilinochchi[1],2018,4,April,16,36.4,7
Kilinochchi[1],2018,4,April,17,37.9,7
Kilinochchi[1],2018,4,April,18,37.5,1
Kilinochchi[1],2019,5,May,18,37.0,6
Kilinochchi[1],2019,5,May,19,38.1,7
Kilinochchi[1],2019,5,May,20,36.7,7
Kilinochchi[1],2019,5,May,21,36.3,7
Kilinochchi[1],2019,5,May,22,38.3,4
Kilinochchi[1],2020,3,March,9,30.5,3
Kilinochchi[1],2020,3,March,10,33.1,7
Kilinochchi[1],2020,3,March,11,33.0,7
Kilinochchi[1],2020,3,March,12,34.1,7
Kilinochchi[1],2020,3,March,13,32.4,7
Kilinochchi[1],2021,4,April,13,35.1,1
Kilinochchi[1],2021,4,April,14,36.0,7
Kilinochchi[1],2021,4,April,15,33.1,7
Kilinochchi[1],2021,4,April,16,34.2,7
Kilinochchi[1],2021,4,April,17,34.4,7
Kilinochchi[1],2021,4,April,18,33.9,1
Kilinochchi[1],2022,3,March,9,29.0,4
Kilinochchi[1],2022,3,March,10,30.5,7
Kilinochchi[1],2022,3,March,11,32.6,7
Kilinochchi[1],2022,3,March,12,33.9,7
Kilinochchi[1],2022,3,March,13,33.9,6
Kilinochchi[1],2023,8,August,31,37.3,5
Kilinochchi[1],2023,8,August,32,37.2,7
Kilinochchi[1],2023,8,August,33,35.1,7
Kilinochchi[1],2023,8,August,34,37.4,7
Kilinochchi[1],2023,8,August,35,35.9,5
Kilinochchi[1],2024,4,April,14,38.9,7
Kilinochchi[1],2024,4,April,15,38.0,7
Kilinochchi[1],2024,4,April,16,38.8,7
Kilinochchi[1],2024,4,April,17,39.4,7
Kilinochchi[1],2024,4,April,18,38.4,2
Kurunegala,2010,3,March,9,35.8,4
Kurunegala,2010,3,March,10,36.7,7
Kurunegala,2010,3,March,11,37.0,7
Kurunegala,2010,3,March,12,37.2,7
Kurunegala,2010,3,March,13,32.2,6
Kurunegala,2011,6,June,22,29.0,3
Kurunegala,2011,6,June,23,29.7,7
Kurunegala,2011,6,June,24,29.5,7
Kurunegala,2011,6,June,25,30.0,7
Kurunegala,2011,6,June,26,30.4,6
Kurunegala,2012,5,May,18,30.7,5
Kurunegala,2012,5,May,19,32.6,7
Kurunegala,2012,5,May,20,32.4,7
Kurunegala,2012,5,May,21,31.2,7
Kurunegala,2012,5,May,22,31.3,5
Kurunegala,2013,4,April,13,31.9,1
Kurunegala,2013,4,April,14,33.4,7
Kurunegala,2013,4,April,15,34.0,7
Kurunegala,2013,4,April,16,33.0,7
Kurunegala,2013,4,April,17,32.0,7
Kurunegala,2013,4,April,18,31.6,1
Kurunegala,2014,4,April,13,35.2,1
Kurunegala,2014,4,April,14,36.0,7
Kurunegala,2014,4,April,15,31.3,7
Kurunegala,2014,4,April,16,32.3,7
Kurunegala,2014,4,April,17,32.1,7
Kurunegala,2014,4,April,18,30.6,1
Kurunegala,2015,7,July,26,29.1,1
Kurunegala,2015,7,July,27,29.5,7
Kurunegala,2015,7,July,28,30.1,7
Kurunegala,2015,7,July,29,29.3,7
Kurunegala,2015,7,July,30,29.7,7
Kurunegala,2015,7,July,31,29.6,2
Kurunegala,2016,4,April,14,36.0,7
Kurunegala,2016,4,April,15,35.5,7
Kurunegala,2016,4,April,16,34.5,7
Kurunegala,2016,4,April,17,33.6,7
Kurunegala,2016,4,April,18,34.6,2
Kurunegala,2017,4,April,13,33.3,1
Kurunegala,2017,4,April,14,37.0,7
Kurunegala,2017,4,April,15,34.2,7
Kurunegala,2017,4,April,16,34.0,7
Kurunegala,2017,4,April,17,34.8,7
Kurunegala,2017,4,April,18,38.0,1
Kurunegala,2018,4,April,13,33.6,1
Kurunegala,2018,4,April,14,35.8,7
Kurunegala,2018,4,April,15,33.4,7
Kurunegala,2018,4,April,16,34.4,7
Kurunegala,2018,4,April,17,34.7,7
Kurunegala,2018,4,April,18,32.0,1
Kurunegala,2019,5,May,18,31.9,6
Kurunegala,2019,5,May,19,32.2,7
Kurunegala,2019,5,May,20,32.7,7
Kurunegala,2019,5,May,21,32.7,7
Kurunegala,2019,5,May,22,32.6,4
Kurunegala,2020,3,March,9,36.7,3
Kurunegala,2020,3,March,10,35.8,7
Kurunegala,2020,3,March,11,36.7,7
Kurunegala,2020,3,March,12,36.7,7
Kurunegala,2020,3,March,13,35.8,7
Kurunegala,2021,4,April,13,33.1,1
Kurunegala,2021,4,April,14,36.4,7
Kurunegala,2021,4,April,15,33.8,7
Kurunegala,2021,4,April,16,31.7,7
Kurunegala,2021,4,April,17,32.8,7
Kurunegala,2021,4,April,18,32.3,1
Kurunegala,2022,3,March,9,32.2,4
Kurunegala,2022,3,March,10,34.6,7
Kurunegala,2022,3,March,11,33.9,7
Kurunegala,2022,3,March,12,33.7,7
Kurunegala,2022,3,March,13,35.2,6
Kurunegala,2023,8,August,31,32.4,5
Kurunegala,2023,8,August,32,33.0,7
Kurunegala,2023,8,August,33,33.0,7
Kurunegala,2023,8,August,34,34.3,7
Kurunegala,2023,8,August,35,32.9,5
Kurunegala,2024,4,April,14,36.7,7
Kurunegala,2024,4,April,15,36.8,7
Kurunegala,2024,4,April,16,34.7,7
Kurunegala,2024,4,April,17,37.2,7
Kurunegala,2024,4,April,18,34.2,2
Mannar,2010,3,March,9,31.4,4
Mannar,2010,3,March,10,33.5,7
Mannar,2010,3,March,11,33.1,7
Mannar,2010,3,March,12,33.5,7
Mannar,2010,3,March,13,32.0,6
Mannar,2011,6,June,22,29.8,3
Mannar,2011,6,June,23,30.6,7
Mannar,2011,6,June,24,30.7,7
Mannar,2011,6,June,25,31.2,7
Mannar,2011,6,June,26,31.7,6
Mannar,2012,5,May,18,30.8,5
Mannar,2012,5,May,19,32.3,7
Mannar,2012,5,May,20,32.2,7
Mannar,2012,5,May,21,31.8,7
Mannar,2012,5,May,22,31.5,5
Mannar,2013,4,April,13,31.4,1
Mannar,2013,4,April,14,33.1,7
Mannar,2013,4,April,15,33.1,7
Mannar,2013,4,April,16,33.3,7
Mannar,2013,4,April,17,32.4,7
Mannar,2013,4,April,18,33.2,1
Mannar,2014,4,April,13,32.4,1
Mannar,2014,4,April,14,33.3,7
Mannar,2014,4,April,15,32.1,7
Mannar,2014,4,April,16,33.4,7
Mannar,2014,4,April,17,32.6,7
Mannar,2014,4,April,18,30.9,1
Mannar,2015,7,July,26,30.3,1
Mannar,2015,7,July,27,31.1,7
Mannar,2015,7,July,28,31.5,7
Mannar,2015,7,July,29,30.9,7
Mannar,2015,7,July,30,31.2,7
Mannar,2015,7,July,31,30.1,2
Mannar,2016,4,April,14,33.0,7
Mannar,2016,4,April,15,33.3,7
Mannar,2016,4,April,16,32.7,7
Mannar,2016,4,April,17,33.4,7
Mannar,2016,4,April,18,33.1,2
Mannar,2017,4,April,13,33.4,1
Mannar,2017,4,April,14,35.1,7
Mannar,2017,4,April,15,35.0,7
Mannar,2017,4,April,16,33.7,7
Mannar,2017,4,April,17,33.7,7
Mannar,2017,4,April,18,34.1,1
Mannar,2018,4,April,13,32.9,1
Mannar,2018,4,April,14,34.5,7
Mannar,2018,4,April,15,33.2,7
Mannar,2018,4,April,16,34.6,7
Mannar,2018,4,April,17,34.2,7
Mannar,2018,4,April,18,33.3,1
Mannar,2019,5,May,18,33.6,6
Mannar,2019,5,May,19,33.3,7
Mannar,2019,5,May,20,33.1,7
Mannar,2019,5,May,21,32.9,7
Mannar,2019,5,May,22,34.5,4
Mannar,2020,3,March,9,33.8,3
Mannar,2020,3,March,10,33.8,7
Mannar,2020,3,March,11,36.6,7
Mannar,2020,3,March,12,34.9,7
Mannar,2020,3,March,13,35.4,7
Mannar,2021,4,April,13,32.8,1
Mannar,2021,4,April,14,35.4,7
Mannar,2021,4,April,15,33.0,7
Mannar,2021,4,April,16,32.9,7
Mannar,2021,4,April,17,33.7,7
Mannar,2021,4,April,18,33.0,1
Mannar,2022,3,March,9,32.0,4
Mannar,2022,3,March,10,32.4,7
Mannar,2022,3,March,11,33.4,7
Mannar,2022,3,March,12,33.1,7
Mannar,2022,3,March,13,33.5,6
Mannar,2023,8,August,31,33.6,5
Mannar,2023,8,August,32,33.3,7
Mannar,2023,8,August,33,32.6,7
Mannar,2023,8,August,34,33.6,7
Mannar,2023,8,August,35,32.9,5
Mannar,2024,4,April,14,35.5,7
Mannar,2024,4,April,15,37.9,7
Mannar,2024,4,April,16,36.2,7
Mannar,2024,4,April,17,37.0,7
Mannar,2024,4,April,18,35.5,2
Matale,2010,3,March,9,33.1,4
Matale,2010,3,March,10,33.9,7
Matale,2010,3,March,11,34.2,7
Matale,2010,3,March,12,34.3,7
Matale,2010,3,March,13,31.6,6
Matale,2011,6,June,22,29.8,3
Matale,2011,6,June,23,30.4,7
Matale,2011,6,June,24,30.4,7
Matale,2011,6,June,25,30.7,7
Matale,2011,6,June,26,31.7,6
Matale,2012,5,May,18,30.5,5
Matale,2012,5,May,19,33.2,7
Matale,2012,5,May,20,32.9,7
Matale,2012,5,May,21,31.5,7
Matale,2012,5,May,22,31.9,5
Matale,2013,4,April,13,31.5,1
Matale,2013,4,April,14,32.6,7
Matale,2013,4,April,15,33.1,7
Matale,2013,4,April,16,32.5,7
Matale,2013,4,April,17,31.7,7
Matale,2013,4,April,18,31.3,1
Matale,2014,4,April,13,34.1,1
Matale,2014,4,April,14,34.0,7
Matale,2014,4,April,15,32.2,7
Matale,2014,4,April,16,32.6,7
Matale,2014,4,April,17,32.4,7
Matale,2014,4,April,18,30.0,1
Matale,2015,7,July,26,29.1,1
Matale,2015,7,July,27,29.7,7
Matale,2015,7,July,28,30.6,7
Matale,2015,7,July,29,29.1,7
Matale,2015,7,July,30,30.6,7
Matale,2015,7,July,31,30.2,2
Matale,2016,4,April,14,34.0,7
Matale,2016,4,April,15,34.6,7
Matale,2016,4,April,16,33.7,7
Matale,2016,4,April,17,34.7,7
Matale,2016,4,April,18,33.5,2
Matale,2017,4,April,13,32.2,1
Matale,2017,4,April,14,36.0,7
Matale,2017,4,April,15,34.3,7
Matale,2017,4,April,16,32.8,7
Matale,2017,4,April,17,34.8,7
Matale,2017,4,April,18,36.4,1
Matale,2018,4,April,13,31.9,1
Matale,2018,4,April,14,33.3,7
Matale,2018,4,April,15,31.1,7
Matale,2018,4,April,16,32.1,7
Matale,2018,4,April,17,32.8,7
Matale,2018,4,April,18,30.6,1
Matale,2019,5,May,18,29.9,6
Matale,2019,5,May,19,31.8,7
Matale,2019,5,May,20,31.2,7
Matale,2019,5,May,21,31.6,7
Matale,2019,5,May,22,31.4,4
Matale,2020,3,March,9,33.7,3
Matale,2020,3,March,10,34.1,7
Matale,2020,3,March,11,34.1,7
Matale,2020,3,March,12,34.9,7
Matale,2020,3,March,13,34.2,7
Matale,2021,4,April,13,30.5,1
Matale,2021,4,April,14,34.3,7
Matale,2021,4,April,15,31.4,7
Matale,2021,4,April,16,29.7,7
Matale,2021,4,April,17,30.5,7
Matale,2021,4,April,18,29.9,1
Matale,2022,3,March,9,29.8,4
Matale,2022,3,March,10,31.9,7
Matale,2022,3,March,11,32.0,7
Matale,2022,3,March,12,32.5,7
Matale,2022,3,March,13,33.3,6
Matale,2023,8,August,31,30.6,5
Matale,2023,8,August,32,32.0,7
Matale,2023,8,August,33,31.5,7
Matale,2023,8,August,34,32.6,7
Matale,2023,8,August,35,31.4,5
Matale,2024,4,April,14,36.3,7
Matale,2024,4,April,15,36.3,7
Matale,2024,4,April,16,33.9,7
Matale,2024,4,April,17,36.8,7
Matale,2024,4,April,18,33.1,2
Matara,2010,3,March,9,31.6,4
Matara,2010,3,March,10,33.1,7
Matara,2010,3,March,11,32.4,7
Matara,2010,3,March,12,32.3,7
Matara,2010,3,March,13,31.3,6
Matara,2011,6,June,22,28.7,3
Matara,2011,6,June,23,29.0,7
Matara,2011,6,June,24,29.0,7
Matara,2011,6,June,25,29.3,7
Matara,2011,6,June,26,28.8,6
Matara,2012,5,May,18,29.6,5
Matara,2012,5,May,19,30.3,7
Matara,2012,5,May,20,30.2,7
Matara,2012,5,May,21,29.3,7
Matara,2012,5,May,22,28.3,5
Matara,2013,4,April,13,29.8,1
Matara,2013,4,April,14,30.9,7
Matara,2013,4,April,15,30.6,7
Matara,2013,4,April,16,30.4,7
Matara,2013,4,April,17,30.3,7
Matara,2013,4,April,18,30.3,1
Matara,2014,4,April,13,30.6,1
Matara,2014,4,April,14,31.2,7
Matara,2014,4,April,15,30.3,7
Matara,2014,4,April,16,30.8,7
Matara,2014,4,April,17,30.1,7
Matara,2014,4,April,18,28.7,1
Matara,2015,7,July,26,28.9,1
Matara,2015,7,July,27,29.5,7
Matara,2015,7,July,28,29.3,7
Matara,2015,7,July,29,28.6,7
Matara,2015,7,July,30,29.1,7
Matara,2015,7,July,31,28.7,2
Matara,2016,4,April,14,31.3,7
Matara,2016,4,April,15,31.5,7
Matara,2016,4,April,16,31.2,7
Matara,2016,4,April,17,31.4,7
Matara,2016,4,April,18,30.8,2
Matara,2017,4,April,13,29.1,1
Matara,2017,4,April,14,30.1,7
Matara,2017,4,April,15,30.1,7
Matara,2017,4,April,16,29.7,7
Matara,2017,4,April,17,29.5,7
Matara,2017,4,April,18,29.0,1
Matara,2018,4,April,13,29.0,1
Matara,2018,4,April,14,29.4,7
Matara,2018,4,April,15,29.2,7
Matara,2018,4,April,16,29.5,7
Matara,2018,4,April,17,29.2,7
Matara,2018,4,April,18,29.1,1
Matara,2019,5,May,18,29.3,6
Matara,2019,5,May,19,29.6,7
Matara,2019,5,May,20,29.1,7
Matara,2019,5,May,21,29.4,7
Matara,2019,5,May,22,29.3,4
Matara,2020,3,March,9,29.2,3
Matara,2020,3,March,10,29.4,7
Matara,2020,3,March,11,29.8,7
Matara,2020,3,March,12,29.9,7
Matara,2020,3,March,13,30.2,7
Matara,2021,4,April,13,29.6,1
Matara,2021,4,April,14,30.6,7
Matara,2021,4,April,15,29.1,7
Matara,2021,4,April,16,29.6,7
Matara,2021,4,April,17,29.4,7
Matara,2021,4,April,18,28.7,1
Matara,2022,3,March,9,29.6,4
Matara,2022,3,March,10,30.5,7
Matara,2022,3,March,11,29.0,7
Matara,2022,3,March,12,29.3,7
Matara,2022,3,March,13,29.4,6
Matara,2023,8,August,31,28.5,5
Matara,2023,8,August,32,28.6,7
Matara,2023,8,August,33,29.0,7
Matara,2023,8,August,34,29.0,7
Matara,2023,8,August,35,29.0,5
Matara,2024,4,April,14,29.9,7
Matara,2024,4,April,15,31.6,7
Matara,2024,4,April,16,30.8,7
Matara,2024,4,April,17,30.6,7
Matara,2024,4,April,18,29.7,2
Moneragala,2010,3,March,9,31.4,4
Moneragala,2010,3,March,10,33.5,7
Moneragala,2010,3,March,11,32.9,7
Moneragala,2010,3,March,12,33.3,7
Moneragala,2010,3,March,13,31.9,6
Moneragala,2011,6,June,22,32.8,3
Moneragala,2011,6,June,23,33.6,7
Moneragala,2011,6,June,24,34.5,7
Moneragala,2011,6,June,25,35.5,7
Moneragala,2011,6,June,26,35.2,6
Moneragala,2012,5,May,18,33.2,5
Moneragala,2012,5,May,19,34.5,7
Moneragala,2012,5,May,20,36.1,7
Moneragala,2012,5,May,21,36.3,7
Moneragala,2012,5,May,22,35.5,5
Moneragala,2013,4,April,13,31.1,1
Moneragala,2013,4,April,14,32.6,7
Moneragala,2013,4,April,15,31.7,7
Moneragala,2013,4,April,16,33.2,7
Moneragala,2013,4,April,17,31.6,7
Moneragala,2013,4,April,18,31.0,1
Moneragala,2014,4,April,13,33.9,1
Moneragala,2014,4,April,14,33.7,7
Moneragala,2014,4,April,15,33.5,7
Moneragala,2014,4,April,16,33.1,7
Moneragala,2014,4,April,17,33.1,7
Moneragala,2014,4,April,18,30.6,1
Moneragala,2015,7,July,26,33.0,1
Moneragala,2015,7,July,27,34.9,7
Moneragala,2015,7,July,28,35.0,7
Moneragala,2015,7,July,29,34.2,7
Moneragala,2015,7,July,30,34.3,7
Moneragala,2015,7,July,31,34.0,2
Moneragala,2016,4,April,14,33.6,7
Moneragala,2016,4,April,15,34.2,7
Moneragala,2016,4,April,16,32.8,7
Moneragala,2016,4,April,17,35.2,7
Moneragala,2016,4,April,18,32.2,2
Moneragala,2017,4,April,13,34.1,1
Moneragala,2017,4,April,14,34.5,7
Moneragala,2017,4,April,15,35.6,7
Moneragala,2017,4,April,16,37.1,7
Moneragala,2017,4,April,17,37.6,7
Moneragala,2017,4,April,18,35.3,1
Moneragala,2018,4,April,13,32.6,1
Moneragala,2018,4,April,14,32.5,7
Moneragala,2018,4,April,15,30.2,7
Moneragala,2018,4,April,16,32.3,7
Moneragala,2018,4,April,17,32.9,7
Moneragala,2018,4,April,18,32.6,1
Moneragala,2019,5,May,18,34.3,6
Moneragala,2019,5,May,19,37.0,7
Moneragala,2019,5,May,20,37.6,7
Moneragala,2019,5,May,21,36.3,7
Moneragala,2019,5,May,22,38.2,4
Moneragala,2020,3,March,9,33.5,3
Moneragala,2020,3,March,10,32.9,7
Moneragala,2020,3,March,11,34.2,7
Moneragala,2020,3,March,12,33.7,7
Moneragala,2020,3,March,13,34.7,7
Moneragala,2021,4,April,13,33.4,1
Moneragala,2021,4,April,14,34.7,7
Moneragala,2021,4,April,15,32.3,7
Moneragala,2021,4,April,16,32.7,7
Moneragala,2021,4,April,17,33.7,7
Moneragala,2021,4,April,18,32.4,1
Moneragala,2022,3,March,9,30.7,4
Moneragala,2022,3,March,10,32.6,7
Moneragala,2022,3,March,11,32.9,7
Moneragala,2022,3,March,12,33.7,7
Moneragala,2022,3,March,13,33.8,6
Moneragala,2023,8,August,31,39.3,5
Moneragala,2023,8,August,32,39.2,7
Moneragala,2023,8,August,33,39.3,7
Moneragala,2023,8,August,34,39.4,7
Moneragala,2023,8,August,35,37.6,5
Moneragala,2024,4,April,14,34.9,7
Moneragala,2024,4,April,15,36.1,7
Moneragala,2024,4,April,16,34.9,7
Moneragala,2024,4,April,17,35.4,7
Moneragala,2024,4,April,18,34.7,2
Mullaitivu,2010,3,March,9,31.6,4
Mullaitivu,2010,3,March,10,32.6,7
Mullaitivu,2010,3,March,11,32.2,7
Mullaitivu,2010,3,March,12,32.8,7
Mullaitivu,2010,3,March,13,33.6,6
Mullaitivu,2011,6,June,22,33.8,3
Mullaitivu,2011,6,June,23,34.8,7
Mullaitivu,2011,6,June,24,34.5,7
Mullaitivu,2011,6,June,25,35.1,7
Mullaitivu,2011,6,June,26,34.7,6
Mullaitivu,2012,5,May,18,33.5,5
Mullaitivu,2012,5,May,19,34.7,7
Mullaitivu,2012,5,May,20,36.0,7
Mullaitivu,2012,5,May,21,36.3,7
Mullaitivu,2012,5,May,22,35.7,5
Mullaitivu,2013,4,April,13,32.6,1
Mullaitivu,2013,4,April,14,34.0,7
Mullaitivu,2013,4,April,15,33.1,7
Mullaitivu,2013,4,April,16,35.2,7
Mullaitivu,2013,4,April,17,34.4,7
Mullaitivu,2013,4,April,18,32.4,1
Mullaitivu,2014,4,April,13,33.2,1
Mullaitivu,2014,4,April,14,33.2,7
Mullaitivu,2014,4,April,15,34.0,7
Mullaitivu,2014,4,April,16,33.3,7
Mullaitivu,2014,4,April,17,33.7,7
Mullaitivu,2014,4,April,18,31.4,1
Mullaitivu,2015,7,July,26,33.9,1
Mullaitivu,2015,7,July,27,34.7,7
Mullaitivu,2015,7,July,28,34.7,7
Mullaitivu,2015,7,July,29,34.6,7
Mullaitivu,2015,7,July,30,33.8,7
Mullaitivu,2015,7,July,31,33.6,2
Mullaitivu,2016,4,April,14,33.5,7
Mullaitivu,2016,4,April,15,35.6,7
Mullaitivu,2016,4,April,16,34.2,7
Mullaitivu,2016,4,April,17,36.3,7
Mullaitivu,2016,4,April,18,34.0,2
Mullaitivu,2017,4,April,13,31.7,1
Mullaitivu,2017,4,April,14,32.9,7
Mullaitivu,2017,4,April,15,34.1,7
Mullaitivu,2017,4,April,16,38.1,7
Mullaitivu,2017,4,April,17,36.5,7
Mullaitivu,2017,4,April,18,31.9,1
Mullaitivu,2018,4,April,13,31.8,1
Mullaitivu,2018,4,April,14,31.0,7
Mullaitivu,2018,4,April,15,30.8,7
Mullaitivu,2018,4,April,16,32.5,7
Mullaitivu,2018,4,April,17,32.9,7
Mullaitivu,2018,4,April,18,33.9,1
Mullaitivu,2019,5,May,18,37.7,6
Mullaitivu,2019,5,May,19,37.9,7
Mullaitivu,2019,5,May,20,38.1,7
Mullaitivu,2019,5,May,21,37.0,7
Mullaitivu,2019,5,May,22,37.3,4
Mullaitivu,2020,3,March,9,28.9,3
Mullaitivu,2020,3,March,10,29.9,7
Mullaitivu,2020,3,March,11,30.2,7
Mullaitivu,2020,3,March,12,30.8,7
Mullaitivu,2020,3,March,13,30.9,7
Mullaitivu,2021,4,April,13,36.6,1
Mullaitivu,2021,4,April,14,37.4,7
Mullaitivu,2021,4,April,15,31.3,7
Mullaitivu,2021,4,April,16,34.5,7
Mullaitivu,2021,4,April,17,33.1,7
Mullaitivu,2021,4,April,18,32.1,1
Mullaitivu,2022,3,March,9,28.6,4
Mullaitivu,2022,3,March,10,28.9,7
Mullaitivu,2022,3,March,11,30.8,7
Mullaitivu,2022,3,March,12,34.2,7
Mullaitivu,2022,3,March,13,32.6,6
Mullaitivu,2023,8,August,31,37.2,5
Mullaitivu,2023,8,August,32,36.4,7
Mullaitivu,2023,8,August,33,36.0,7
Mullaitivu,2023,8,August,34,36.7,7
Mullaitivu,2023,8,August,35,37.3,5
Mullaitivu,2024,4,April,14,34.2,7
Mullaitivu,2024,4,April,15,32.9,7
Mullaitivu,2024,4,April,16,34.7,7
Mullaitivu,2024,4,April,17,33.8,7
Mullaitivu,2024,4,April,18,34.1,2
Nuwara Eliya,2010,3,March,9,24.1,4
Nuwara Eliya,2010,3,March,10,25.3,7
Nuwara Eliya,2010,3,March,11,24.8,7
Nuwara Eliya,2010,3,March,12,25.1,7
Nuwara Eliya,2010,3,March,13,23.0,6
Nuwara Eliya,2011,6,June,22,22.4,3
Nuwara Eliya,2011,6,June,23,22.9,7
Nuwara Eliya,2011,6,June,24,22.7,7
Nuwara Eliya,2011,6,June,25,23.0,7
Nuwara Eliya,2011,6,June,26,23.1,6
Nuwara Eliya,2012,5,May,18,22.7,5
Nuwara Eliya,2012,5,May,19,23.6,7
Nuwara Eliya,2012,5,May,20,23.7,7
Nuwara Eliya,2012,5,May,21,23.3,7
Nuwara Eliya,2012,5,May,22,23.1,5
Nuwara Eliya,2013,4,April,13,22.7,1
Nuwara Eliya,2013,4,April,14,23.5,7
Nuwara Eliya,2013,4,April,15,23.2,7
Nuwara Eliya,2013,4,April,16,23.1,7
Nuwara Eliya,2013,4,April,17,22.2,7
Nuwara Eliya,2013,4,April,18,22.3,1
Nuwara Eliya,2014,4,April,13,24.7,1
Nuwara Eliya,2014,4,April,14,25.2,7
Nuwara Eliya,2014,4,April,15,23.8,7
Nuwara Eliya,2014,4,April,16,23.9,7
Nuwara Eliya,2014,4,April,17,23.0,7
Nuwara Eliya,2014,4,April,18,21.6,1
Nuwara Eliya,2015,7,July,26,21.9,1
Nuwara Eliya,2015,7,July,27,22.6,7
Nuwara Eliya,2015,7,July,28,23.0,7
Nuwara Eliya,2015,7,July,29,22.4,7
Nuwara Eliya,2015,7,July,30,22.5,7
Nuwara Eliya,2015,7,July,31,22.2,2
Nuwara Eliya,2016,4,April,14,24.1,7
Nuwara Eliya,2016,4,April,15,24.3,7
Nuwara Eliya,2016,4,April,16,24.1,7
Nuwara Eliya,2016,4,April,17,25.7,7
Nuwara Eliya,2016,4,April,18,23.9,2
Nuwara Eliya,2017,4,April,13,20.8,1
Nuwara Eliya,2017,4,April,14,21.5,7
Nuwara Eliya,2017,4,April,15,21.6,7
Nuwara Eliya,2017,4,April,16,23.3,7
Nuwara Eliya,2017,4,April,17,23.6,7
Nuwara Eliya,2017,4,April,18,23.7,1
Nuwara Eliya,2018,4,April,13,21.5,1
Nuwara Eliya,2018,4,April,14,22.1,7
Nuwara Eliya,2018,4,April,15,20.9,7
Nuwara Eliya,2018,4,April,16,22.1,7
Nuwara Eliya,2018,4,April,17,22.6,7
Nuwara Eliya,2018,4,April,18,22.2,1
Nuwara Eliya,2019,5,May,18,22.3,6
Nuwara Eliya,2019,5,May,19,22.6,7
Nuwara Eliya,2019,5,May,20,21.1,7
Nuwara Eliya,2019,5,May,21,21.1,7
Nuwara Eliya,2019,5,May,22,22.4,4
Nuwara Eliya,2020,3,March,9,22.8,3
Nuwara Eliya,2020,3,March,10,23.9,7
Nuwara Eliya,2020,3,March,11,24.9,7
Nuwara Eliya,2020,3,March,12,23.8,7
Nuwara Eliya,2020,3,March,13,24.2,7
Nuwara Eliya,2021,4,April,13,21.7,1
Nuwara Eliya,2021,4,April,14,23.0,7
Nuwara Eliya,2021,4,April,15,19.4,7
Nuwara Eliya,2021,4,April,16,20.4,7
Nuwara Eliya,2021,4,April,17,21.2,7
Nuwara Eliya,2021,4,April,18,19.5,1
Nuwara Eliya,2022,3,March,9,19.8,4
Nuwara Eliya,2022,3,March,10,21.9,7
Nuwara Eliya,2022,3,March,11,21.8,7
Nuwara Eliya,2022,3,March,12,21.9,7
Nuwara Eliya,2022,3,March,13,22.5,6
Nuwara Eliya,2023,8,August,31,20.5,5
Nuwara Eliya,2023,8,August,32,21.5,7
Nuwara Eliya,2023,8,August,33,20.6,7
Nuwara Eliya,2023,8,August,34,21.9,7
Nuwara Eliya,2023,8,August,35,21.3,5
Nuwara Eliya,2024,4,April,14,24.2,7
Nuwara Eliya,2024,4,April,15,23.6,7
Nuwara Eliya,2024,4,April,16,23.5,7
Nuwara Eliya,2024,4,April,17,24.0,7
Nuwara Eliya,2024,4,April,18,22.9,2
Polonnaruwa,2010,3,March,9,33.5,4
Polonnaruwa,2010,3,March,10,35.9,7
Polonnaruwa,2010,3,March,11,34.3,7
Polonnaruwa,2010,3,March,12,35.4,7
Polonnaruwa,2010,3,March,13,35.8,6
Polonnaruwa,2011,6,June,22,34.3,3
Polonnaruwa,2011,6,June,23,35.0,7
Polonnaruwa,2011,6,June,24,35.2,7
Polonnaruwa,2011,6,June,25,35.6,7
Polonnaruwa,2011,6,June,26,37.0,6
Polonnaruwa,2012,5,May,18,34.5,5
Polonnaruwa,2012,5,May,19,37.1,7
Polonnaruwa,2012,5,May,20,37.4,7
Polonnaruwa,2012,5,May,21,36.4,7
Polonnaruwa,2012,5,May,22,36.0,5
Polonnaruwa,2013,4,April,13,33.5,1
Polonnaruwa,2013,4,April,14,35.3,7
Polonnaruwa,2013,4,April,15,35.2,7
Polonnaruwa,2013,4,April,16,35.1,7
Polonnaruwa,2013,4,April,17,34.3,7
Polonnaruwa,2013,4,April,18,34.0,1
Polonnaruwa,2014,4,April,13,35.7,1
Polonnaruwa,2014,4,April,14,35.5,7
Polonnaruwa,2014,4,April,15,35.2,7
Polonnaruwa,2014,4,April,16,35.3,7
Polonnaruwa,2014,4,April,17,35.1,7
Polonnaruwa,2014,4,April,18,31.5,1
Polonnaruwa,2015,7,July,26,34.0,1
Polonnaruwa,2015,7,July,27,35.1,7
Polonnaruwa,2015,7,July,28,36.0,7
Polonnaruwa,2015,7,July,29,33.9,7
Polonnaruwa,2015,7,July,30,36.4,7
Polonnaruwa,2015,7,July,31,35.5,2
Polonnaruwa,2016,4,April,14,35.3,7
Polonnaruwa,2016,4,April,15,36.3,7
Polonnaruwa,2016,4,April,16,36.1,7
Polonnaruwa,2016,4,April,17,38.0,7
Polonnaruwa,2016,4,April,18,35.2,2
Polonnaruwa,2017,4,April,13,33.2,1
Polonnaruwa,2017,4,April,14,35.0,7
Polonnaruwa,2017,4,April,15,36.1,7
Polonnaruwa,2017,4,April,16,38.0,7
Polonnaruwa,2017,4,April,17,38.7,7
Polonnaruwa,2017,4,April,18,36.7,1
Polonnaruwa,2018,4,April,13,33.7,1
Polonnaruwa,2018,4,April,14,33.5,7
Polonnaruwa,2018,4,April,15,32.1,7
Polonnaruwa,2018,4,April,16,33.7,7
Polonnaruwa,2018,4,April,17,34.3,7
Polonnaruwa,2018,4,April,18,34.6,1
Polonnaruwa,2019,5,May,18,36.9,6
Polonnaruwa,2019,5,May,19,38.5,7
Polonnaruwa,2019,5,May,20,37.4,7
Polonnaruwa,2019,5,May,21,36.6,7
Polonnaruwa,2019,5,May,22,38.3,4
Polonnaruwa,2020,3,March,9,33.6,3
Polonnaruwa,2020,3,March,10,34.2,7
Polonnaruwa,2020,3,March,11,34.5,7
Polonnaruwa,2020,3,March,12,35.6,7
Polonnaruwa,2020,3,March,13,35.6,7
Polonnaruwa,2021,4,April,13,36.1,1
Polonnaruwa,2021,4,April,14,37.0,7
Polonnaruwa,2021,4,April,15,33.1,7
Polonnaruwa,2021,4,April,16,34.0,7
Polonnaruwa,2021,4,April,17,34.9,7
Polonnaruwa,2021,4,April,18,33.0,1
Polonnaruwa,2022,3,March,9,30.6,4
Polonnaruwa,2022,3,March,10,31.9,7
Polonnaruwa,2022,3,March,11,32.9,7
Polonnaruwa,2022,3,March,12,35.0,7
Polonnaruwa,2022,3,March,13,34.6,6
Polonnaruwa,2023,8,August,31,38.6,5
Polonnaruwa,2023,8,August,32,39.5,7
Polonnaruwa,2023,8,August,33,37.2,7
Polonnaruwa,2023,8,August,34,39.0,7
Polonnaruwa,2023,8,August,35,37.8,5
Polonnaruwa,2024,4,April,14,38.0,7
Polonnaruwa,2024,4,April,15,38.1,7
Polonnaruwa,2024,4,April,16,39.0,7
Polonnaruwa,2024,4,April,17,39.0,7
Polonnaruwa,2024,4,April,18,36.3,2
Puttalam,2010,3,March,9,33.2,4
Puttalam,2010,3,March,10,34.9,7
Puttalam,2010,3,March,11,34.4,7
Puttalam,2010,3,March,12,34.8,7
Puttalam,2010,3,March,13,31.8,6
Puttalam,2011,6,June,22,29.1,3
Puttalam,2011,6,June,23,29.5,7
Puttalam,2011,6,June,24,29.3,7
Puttalam,2011,6,June,25,30.0,7
Puttalam,2011,6,June,26,30.8,6
Puttalam,2012,5,May,18,30.5,5
Puttalam,2012,5,May,19,31.4,7
Puttalam,2012,5,May,20,31.6,7
Puttalam,2012,5,May,21,31.2,7
Puttalam,2012,5,May,22,30.7,5
Puttalam,2013,4,April,13,30.6,1
Puttalam,2013,4,April,14,31.8,7
Puttalam,2013,4,April,15,32.1,7
Puttalam,2013,4,April,16,31.6,7
Puttalam,2013,4,April,17,31.2,7
Puttalam,2013,4,April,18,31.1,1
Puttalam,2014,4,April,13,32.2,1
Puttalam,2014,4,April,14,32.9,7
Puttalam,2014,4,April,15,31.0,7
Puttalam,2014,4,April,16,31.6,7
Puttalam,2014,4,April,17,31.1,7
Puttalam,2014,4,April,18,30.5,1
Puttalam,2015,7,July,26,29.3,1
Puttalam,2015,7,July,27,29.8,7
Puttalam,2015,7,July,28,30.5,7
Puttalam,2015,7,July,29,29.4,7
Puttalam,2015,7,July,30,29.6,7
Puttalam,2015,7,July,31,29.4,2
Puttalam,2016,4,April,14,33.2,7
Puttalam,2016,4,April,15,32.7,7
Puttalam,2016,4,April,16,32.6,7
Puttalam,2016,4,April,17,33.2,7
Puttalam,2016,4,April,18,32.7,2
Puttalam,2017,4,April,13,30.5,1
Puttalam,2017,4,April,14,31.9,7
Puttalam,2017,4,April,15,31.3,7
Puttalam,2017,4,April,16,31.9,7
Puttalam,2017,4,April,17,32.2,7
Puttalam,2017,4,April,18,32.7,1
Puttalam,2018,4,April,13,31.5,1
Puttalam,2018,4,April,14,32.7,7
Puttalam,2018,4,April,15,33.7,7
Puttalam,2018,4,April,16,32.8,7
Puttalam,2018,4,April,17,31.9,7
Puttalam,2018,4,April,18,31.2,1
Puttalam,2019,5,May,18,31.5,6
Puttalam,2019,5,May,19,31.9,7
Puttalam,2019,5,May,20,31.5,7
Puttalam,2019,5,May,21,31.3,7
Puttalam,2019,5,May,22,31.9,4
Puttalam,2020,3,March,9,33.9,3
Puttalam,2020,3,March,10,34.1,7
Puttalam,2020,3,March,11,35.7,7
Puttalam,2020,3,March,12,35.7,7
Puttalam,2020,3,March,13,34.6,7
Puttalam,2021,4,April,13,31.4,1
Puttalam,2021,4,April,14,33.6,7
Puttalam,2021,4,April,15,31.7,7
Puttalam,2021,4,April,16,30.9,7
Puttalam,2021,4,April,17,31.6,7
Puttalam,2021,4,April,18,31.1,1
Puttalam,2022,3,March,9,32.5,4
Puttalam,2022,3,March,10,32.6,7
Puttalam,2022,3,March,11,33.0,7
Puttalam,2022,3,March,12,31.3,7
Puttalam,2022,3,March,13,31.4,6
Puttalam,2023,8,August,31,33.2,5
Puttalam,2023,8,August,32,33.9,7
Puttalam,2023,8,August,33,32.0,7
Puttalam,2023,8,August,34,33.4,7
Puttalam,2023,8,August,35,32.9,5
Puttalam,2024,4,April,14,34.2,7
Puttalam,2024,4,April,15,36.2,7
Puttalam,2024,4,April,16,34.4,7
Puttalam,2024,4,April,17,35.1,7
Puttalam,2024,4,April,18,34.2,2
Ratnapura,2010,3,March,9,30.6,4
Ratnapura,2010,3,March,10,32.9,7
Ratnapura,2010,3,March,11,32.3,7
Ratnapura,2010,3,March,12,31.2,7
Ratnapura,2010,3,March,13,30.4,6
Ratnapura,2011,6,June,22,28.1,3
Ratnapura,2011,6,June,23,28.3,7
Ratnapura,2011,6,June,24,28.5,7
Ratnapura,2011,6,June,25,28.6,7
Ratnapura,2011,6,June,26,28.4,6
Ratnapura,2012,5,May,18,28.7,5
Ratnapura,2012,5,May,19,29.8,7
Ratnapura,2012,5,May,20,29.5,7
Ratnapura,2012,5,May,21,29.1,7
Ratnapura,2012,5,May,22,28.2,5
Ratnapura,2013,4,April,13,29.5,1
Ratnapura,2013,4,April,14,30.7,7
Ratnapura,2013,4,April,15,30.4,7
Ratnapura,2013,4,April,16,30.2,7
Ratnapura,2013,4,April,17,30.1,7
Ratnapura,2013,4,April,18,29.9,1
Ratnapura,2014,4,April,13,30.2,1
Ratnapura,2014,4,April,14,31.9,7
Ratnapura,2014,4,April,15,30.1,7
Ratnapura,2014,4,April,16,30.2,7
Ratnapura,2014,4,April,17,30.1,7
Ratnapura,2014,4,April,18,28.5,1
Ratnapura,2015,7,July,26,28.5,1
Ratnapura,2015,7,July,27,28.8,7
Ratnapura,2015,7,July,28,28.5,7
Ratnapura,2015,7,July,29,28.4,7
Ratnapura,2015,7,July,30,28.5,7
Ratnapura,2015,7,July,31,28.0,2
Ratnapura,2016,4,April,14,31.8,7
Ratnapura,2016,4,April,15,32.1,7
Ratnapura,2016,4,April,16,31.8,7
Ratnapura,2016,4,April,17,31.7,7
Ratnapura,2016,4,April,18,31.6,2
Ratnapura,2017,4,April,13,31.8,1
Ratnapura,2017,4,April,14,32.0,7
Ratnapura,2017,4,April,15,30.7,7
Ratnapura,2017,4,April,16,30.9,7
Ratnapura,2017,4,April,17,31.0,7
Ratnapura,2017,4,April,18,32.3,1
Ratnapura,2018,4,April,13,30.5,1
Ratnapura,2018,4,April,14,31.4,7
Ratnapura,2018,4,April,15,30.7,7
Ratnapura,2018,4,April,16,31.4,7
Ratnapura,2018,4,April,17,31.5,7
Ratnapura,2018,4,April,18,30.3,1
Ratnapura,2019,5,May,18,30.9,6
Ratnapura,2019,5,May,19,30.7,7
Ratnapura,2019,5,May,20,30.3,7
Ratnapura,2019,5,May,21,30.2,7
Ratnapura,2019,5,May,22,30.0,4
Ratnapura,2020,3,March,9,34.9,3
Ratnapura,2020,3,March,10,34.1,7
Ratnapura,2020,3,March,11,34.8,7
Ratnapura,2020,3,March,12,32.7,7
Ratnapura,2020,3,March,13,33.7,7
Ratnapura,2021,4,April,13,30.1,1
Ratnapura,2021,4,April,14,31.6,7
Ratnapura,2021,4,April,15,30.8,7
Ratnapura,2021,4,April,16,30.0,7
Ratnapura,2021,4,April,17,31.1,7
Ratnapura,2021,4,April,18,29.9,1
Ratnapura,2022,3,March,9,31.5,4
Ratnapura,2022,3,March,10,33.2,7
Ratnapura,2022,3,March,11,30.8,7
Ratnapura,2022,3,March,12,30.9,7
Ratnapura,2022,3,March,13,32.4,6
Ratnapura,2023,8,August,31,29.6,5
Ratnapura,2023,8,August,32,30.2,7
Ratnapura,2023,8,August,33,30.0,7
Ratnapura,2023,8,August,34,30.5,7
Ratnapura,2023,8,August,35,30.2,5
Ratnapura,2024,4,April,14,33.6,7
Ratnapura,2024,4,April,15,33.6,7
Ratnapura,2024,4,April,16,32.6,7
Ratnapura,2024,4,April,17,33.2,7
Ratnapura,2024,4,April,18,32.8,2
Trincomalee,2010,3,March,9,31.4,4
Trincomalee,2010,3,March,10,33.0,7
Trincomalee,2010,3,March,11,31.6,7
Trincomalee,2010,3,March,12,32.1,7
Trincomalee,2010,3,March,13,33.2,6
Trincomalee,2011,6,June,22,33.9,3
Trincomalee,2011,6,June,23,35.1,7
Trincomalee,2011,6,June,24,34.5,7
Trincomalee,2011,6,June,25,35.4,7
Trincomalee,2011,6,June,26,35.4,6
Trincomalee,2012,5,May,18,34.2,5
Trincomalee,2012,5,May,19,35.3,7
Trincomalee,2012,5,May,20,36.2,7
Trincomalee,2012,5,May,21,36.6,7
Trincomalee,2012,5,May,22,35.9,5
Trincomalee,2013,4,April,13,32.1,1
Trincomalee,2013,4,April,14,33.9,7
Trincomalee,2013,4,April,15,32.7,7
Trincomalee,2013,4,April,16,34.3,7
Trincomalee,2013,4,April,17,33.7,7
Trincomalee,2013,4,April,18,32.0,1
Trincomalee,2014,4,April,13,33.1,1
Trincomalee,2014,4,April,14,32.6,7
Trincomalee,2014,4,April,15,33.7,7
Trincomalee,2014,4,April,16,33.2,7
Trincomalee,2014,4,April,17,33.0,7
Trincomalee,2014,4,April,18,31.3,1
Trincomalee,2015,7,July,26,34.3,1
Trincomalee,2015,7,July,27,34.9,7
Trincomalee,2015,7,July,28,35.1,7
Trincomalee,2015,7,July,29,34.2,7
Trincomalee,2015,7,July,30,35.0,7
Trincomalee,2015,7,July,31,34.2,2
Trincomalee,2016,4,April,14,32.9,7
Trincomalee,2016,4,April,15,35.1,7
Trincomalee,2016,4,April,16,33.6,7
Trincomalee,2016,4,April,17,35.8,7
Trincomalee,2016,4,April,18,33.7,2
Trincomalee,2017,4,April,13,32.0,1
Trincomalee,2017,4,April,14,33.2,7
Trincomalee,2017,4,April,15,35.4,7
Trincomalee,2017,4,April,16,38.8,7
Trincomalee,2017,4,April,17,38.0,7
Trincomalee,2017,4,April,18,33.2,1
Trincomalee,2018,4,April,13,31.2,1
Trincomalee,2018,4,April,14,31.1,7
Trincomalee,2018,4,April,15,31.3,7
Trincomalee,2018,4,April,16,32.6,7
Trincomalee,2018,4,April,17,33.3,7
Trincomalee,2018,4,April,18,34.8,1
Trincomalee,2019,5,May,18,38.1,6
Trincomalee,2019,5,May,19,38.8,7
Trincomalee,2019,5,May,20,38.3,7
Trincomalee,2019,5,May,21,37.2,7
Trincomalee,2019,5,May,22,38.1,4
Trincomalee,2020,3,March,9,29.5,3
Trincomalee,2020,3,March,10,30.8,7
Trincomalee,2020,3,March,11,30.6,7
Trincomalee,2020,3,March,12,31.4,7
Trincomalee,2020,3,March,13,31.4,7
Trincomalee,2021,4,April,13,36.2,1
Trincomalee,2021,4,April,14,37.8,7
Trincomalee,2021,4,April,15,32.3,7
Trincomalee,2021,4,April,16,34.5,7
Trincomalee,2021,4,April,17,33.9,7
Trincomalee,2021,4,April,18,32.3,1
Trincomalee,2022,3,March,9,29.0,4
Trincomalee,2022,3,March,10,29.4,7
Trincomalee,2022,3,March,11,31.6,7
Trincomalee,2022,3,March,12,34.2,7
Trincomalee,2022,3,March,13,32.6,6
Trincomalee,2023,8,August,31,37.4,5
Trincomalee,2023,8,August,32,37.5,7
Trincomalee,2023,8,August,33,36.3,7
Trincomalee,2023,8,August,34,37.1,7
Trincomalee,2023,8,August,35,37.0,5
Trincomalee,2024,4,April,14,34.1,7
Trincomalee,2024,4,April,15,32.5,7
Trincomalee,2024,4,April,16,34.6,7
Trincomalee,2024,4,April,17,34.1,7
Trincomalee,2024,4,April,18,33.8,2
Vavuniya,2010,3,March,9,34.6,4
Vavuniya,2010,3,March,10,36.1,7
Vavuniya,2010,3,March,11,36.3,7
Vavuniya,2010,3,March,12,36.6,7
Vavuniya,2010,3,March,13,33.9,6
Vavuniya,2011,6,June,22,32.5,3
Vavuniya,2011,6,June,23,34.2,7
Vavuniya,2011,6,June,24,34.0,7
Vavuniya,2011,6,June,25,36.4,7
Vavuniya,2011,6,June,26,35.6,6
Vavuniya,2012,5,May,18,32.9,5
Vavuniya,2012,5,May,19,36.1,7
Vavuniya,2012,5,May,20,36.6,7
Vavuniya,2012,5,May,21,36.1,7
Vavuniya,2012,5,May,22,35.3,5
Vavuniya,2013,4,April,13,33.9,1
Vavuniya,2013,4,April,14,36.5,7
Vavuniya,2013,4,April,15,36.0,7
Vavuniya,2013,4,April,16,36.2,7
Vavuniya,2013,4,April,17,33.7,7
Vavuniya,2013,4,April,18,33.8,1
Vavuniya,2014,4,April,13,36.9,1
Vavuniya,2014,4,April,14,37.2,7
Vavuniya,2014,4,April,15,35.1,7
Vavuniya,2014,4,April,16,35.6,7
Vavuniya,2014,4,April,17,34.7,7
Vavuniya,2014,4,April,18,32.2,1
Vavuniya,2015,7,July,26,33.1,1
Vavuniya,2015,7,July,27,34.2,7
Vavuniya,2015,7,July,28,35.1,7
Vavuniya,2015,7,July,29,34.0,7
Vavuniya,2015,7,July,30,34.9,7
Vavuniya,2015,7,July,31,32.9,2
Vavuniya,2016,4,April,14,35.6,7
Vavuniya,2016,4,April,15,36.4,7
Vavuniya,2016,4,April,16,35.2,7
Vavuniya,2016,4,April,17,36.4,7
Vavuniya,2016,4,April,18,36.7,2
Vavuniya,2017,4,April,13,35.0,1
Vavuniya,2017,4,April,14,36.7,7
Vavuniya,2017,4,April,15,36.9,7
Vavuniya,2017,4,April,16,38.1,7
Vavuniya,2017,4,April,17,39.3,7
Vavuniya,2017,4,April,18,38.1,1
Vavuniya,2018,4,April,13,35.9,1
Vavuniya,2018,4,April,14,36.1,7
Vavuniya,2018,4,April,15,33.5,7
Vavuniya,2018,4,April,16,36.4,7
Vavuniya,2018,4,April,17,36.7,7
Vavuniya,2018,4,April,18,36.9,1
Vavuniya,2019,5,May,18,35.3,6
Vavuniya,2019,5,May,19,37.6,7
Vavuniya,2019,5,May,20,36.6,7
Vavuniya,2019,5,May,21,35.5,7
Vavuniya,2019,5,May,22,37.3,4
Vavuniya,2020,3,March,9,33.2,3
Vavuniya,2020,3,March,10,34.5,7
Vavuniya,2020,3,March,11,34.4,7
Vavuniya,2020,3,March,12,36.1,7
Vavuniya,2020,3,March,13,34.8,7
Vavuniya,2021,4,April,13,35.5,1
Vavuniya,2021,4,April,14,36.8,7
Vavuniya,2021,4,April,15,32.3,7
Vavuniya,2021,4,April,16,33.2,7
Vavuniya,2021,4,April,17,33.7,7
Vavuniya,2021,4,April,18,33.6,1
Vavuniya,2022,3,March,9,30.7,4
Vavuniya,2022,3,March,10,31.5,7
Vavuniya,2022,3,March,11,33.4,7
Vavuniya,2022,3,March,12,34.6,7
Vavuniya,2022,3,March,13,35.0,6
Vavuniya,2023,8,August,31,37.8,5
Vavuniya,2023,8,August,32,38.7,7
Vavuniya,2023,8,August,33,35.0,7
Vavuniya,2023,8,August,34,37.9,7
Vavuniya,2023,8,August,35,36.4,5
Vavuniya,2024,4,April,14,39.4,7
Vavuniya,2024,4,April,15,38.9,7
Vavuniya,2024,4,April,16,38.0,7
Vavuniya,2024,4,April,17,39.0,7
Vavuniya,2024,4,April,18,37.3,2
Welimada,2010,3,March,9,27.6,4
Welimada,2010,3,March,10,29.0,7
Welimada,2010,3,March,11,28.4,7
Welimada,2010,3,March,12,28.5,7
Welimada,2010,3,March,13,26.5,6
Welimada,2011,6,June,22,27.7,3
Welimada,2011,6,June,23,28.8,7
Welimada,2011,6,June,24,28.7,7
Welimada,2011,6,June,25,29.9,7
Welimada,2011,6,June,26,29.6,6
Welimada,2012,5,May,18,27.3,5
Welimada,2012,5,May,19,28.2,7
Welimada,2012,5,May,20,29.6,7
Welimada,2012,5,May,21,29.2,7
Welimada,2012,5,May,22,29.5,5
Welimada,2013,4,April,13,26.4,1
Welimada,2013,4,April,14,27.4,7
Welimada,2013,4,April,15,27.0,7
Welimada,2013,4,April,16,27.6,7
Welimada,2013,4,April,17,26.1,7
Welimada,2013,4,April,18,25.8,1
Welimada,2014,4,April,13,28.8,1
Welimada,2014,4,April,14,28.5,7
Welimada,2014,4,April,15,27.6,7
Welimada,2014,4,April,16,28.4,7
Welimada,2014,4,April,17,27.0,7
Welimada,2014,4,April,18,25.2,1
Welimada,2015,7,July,26,27.3,1
Welimada,2015,7,July,27,29.3,7
Welimada,2015,7,July,28,28.9,7
Welimada,2015,7,July,29,28.4,7
Welimada,2015,7,July,30,29.0,7
Welimada,2015,7,July,31,29.1,2
Welimada,2016,4,April,14,27.5,7
Welimada,2016,4,April,15,28.2,7
Welimada,2016,4,April,16,27.9,7
Welimada,2016,4,April,17,30.0,7
Welimada,2016,4,April,18,27.6,2
Welimada,2017,4,April,13,25.6,1
Welimada,2017,4,April,14,26.8,7
Welimada,2017,4,April,15,28.2,7
Welimada,2017,4,April,16,28.9,7
Welimada,2017,4,April,17,28.6,7
Welimada,2017,4,April,18,28.1,1
Welimada,2018,4,April,13,24.8,1
Welimada,2018,4,April,14,25.8,7
Welimada,2018,4,April,15,25.0,7
Welimada,2018,4,April,16,25.4,7
Welimada,2018,4,April,17,26.1,7
Welimada,2018,4,April,18,26.0,1
Welimada,2019,5,May,18,27.9,6
Welimada,2019,5,May,19,28.4,7
Welimada,2019,5,May,20,29.1,7
Welimada,2019,5,May,21,27.6,7
Welimada,2019,5,May,22,27.9,4
Welimada,2020,3,March,9,25.2,3
Welimada,2020,3,March,10,25.5,7
Welimada,2020,3,March,11,27.0,7
Welimada,2020,3,March,12,26.3,7
Welimada,2020,3,March,13,27.1,7
Welimada,2021,4,April,13,26.8,1
Welimada,2021,4,April,14,28.0,7
Welimada,2021,4,April,15,24.3,7
Welimada,2021,4,April,16,25.2,7
Welimada,2021,4,April,17,25.7,7
Welimada,2021,4,April,18,24.3,1
Welimada,2022,3,March,9,23.4,4
Welimada,2022,3,March,10,24.4,7
Welimada,2022,3,March,11,25.2,7
Welimada,2022,3,March,12,26.9,7
Welimada,2022,3,March,13,25.9,6
Welimada,2023,8,August,31,30.8,5
Welimada,2023,8,August,32,29.7,7
Welimada,2023,8,August,33,28.9,7
Welimada,2023,8,August,34,30.0,7
Welimada,2023,8,August,35,28.9,5
Welimada,2024,4,April,14,28.1,7
Welimada,2024,4,April,15,27.4,7
Welimada,2024,4,April,16,27.9,7
Welimada,2024,4,April,17,28.1,7
Welimada,2024,4,April,18,27.2,2
